イベント名,イベントのフォルダ名,イベント開始日,撮影日,サブグループ,サブグループのフォルダ名,ファイル名[枚数],ファイル名,拡張子,最新更新,小池 美波,齋藤 冬優花,上村 莉菜,井上 梨名,遠藤 光莉,大園 玲,大沼 晶保,幸阪 茉里乃,武元 唯衣,田村 保乃,藤吉 夏鈴,増本 綺良,松田 里奈,森田 ひかる,守屋 麗奈,山﨑 天,石森 璃花,遠藤 理子,小田倉 麗奈,小島 凪紗,谷口 愛季,中嶋 優月,的野 美青,向井 純葉,村井 優,村山 美羽,山下 瞳月,浅井 恋乃未,稲熊 ひな,勝又 春,佐藤 愛桜,中川 智尋,松本 和子,目黒 陽色,山川 宇衣,山田 桃実,小林 由依,土生 瑞穂,関 有美子,菅井 友香,尾関 梨香,原田 葵,渡邉 理佐,守屋 茜,渡辺 梨加,松平 璃子
イベント名,イベントのフォルダ名,イベント開始日,撮影日,サブグループ,サブグループのフォルダ名,ファイル名[枚数],ファイル名,拡張子,最新更新,小池_美波,齋藤_冬優花,上村_莉菜,井上_梨名,遠藤_光莉,大園_玲,大沼_晶保,幸阪_茉里乃,武元_唯衣,田村_保乃,藤吉_夏鈴,増本_綺良,松田_里奈,森田_ひかる,守屋_麗奈,山﨑_天,石森_璃花,遠藤_理子,小田倉_麗奈,小島_凪紗,谷口_愛季,中嶋_優月,的野_美青,向井_純葉,村井_優,村山_美羽,山下_瞳月,浅井_恋乃未,稲熊_ひな,勝又_春,佐藤_愛桜,中川_智尋,松本_和子,目黒_陽色,山川_宇衣,山田_桃実,小林_由依,土生_瑞穂,関_有美子,菅井_友香,尾関_梨香,原田_葵,渡邉_理佐,守屋_茜,渡辺_梨加,松平_璃子
櫻坂46写真集『櫻撮VOL.01』発売記念パネル展,櫻坂46写真集『櫻撮VOL.01』発売記念パネル展,2026/03/17,2026/03/20,SHIBUYA TSUTAYA,SHIBUYA_TSUTAYA,SHIBUYA TSUTAYA[61],SHIBUYA_TSUTAYA,jpg,2026/03/22 11:35:46,,,,,,〇,,,,,〇,,〇,〇,〇,〇,〇,,,,〇,,〇,,〇,,〇,,,,,,,,,〇,,,,,,,,,,
櫻坂46写真集『櫻撮VOL.01』発売記念パネル展,櫻坂46写真集『櫻撮VOL.01』発売記念パネル展,2026/03/17,2026/03/20,HMV&BOOKS SHIBUYA,HMV&BOOKS_SHIBUYA,HMV&BOOKS SHIBUYA[62],HMV&BOOKS_SHIBUYA,jpg,2026/03/22 11:38:02,,,,,,〇,,〇,,〇,〇,,,〇,〇,〇,,,,,〇,,,,〇,〇,,〇,〇,,,,,,,,,,,,,,,,,
櫻坂46写真集『櫻撮VOL.01』発売記念パネル展,櫻坂46写真集『櫻撮VOL.01』発売記念パネル展,2026/03/17,2026/03/20,タワーレコード 渋谷店,タワーレコード_渋谷店,タワーレコード 渋谷店[39],タワーレコード_渋谷店,jpg,2026/03/22 11:40:35,,,,,,〇,,,,〇,〇,,〇,〇,〇,,〇,,,,〇,,〇,,〇,,〇,,,,,,,,〇,,,,,,,,,,,
櫻坂46写真集『櫻撮VOL.01』発売記念パネル展,櫻坂46写真集『櫻撮VOL.01』発売記念パネル展,2026/03/17,2026/03/20,紀伊國屋書店 新宿本店,紀伊國屋書店_新宿本店,紀伊國屋書店 新宿本店[13],紀伊國屋書店_新宿本店,jpg,2026/03/22 11:47:32,,,,,,,〇,,,〇,〇,,,,〇,〇,,,〇,〇,〇,,〇,,〇,,,,,,,〇,,〇,,,,,,,,,,,,
櫻坂46写真集『櫻撮VOL.01』発売記念パネル展,櫻坂46写真集『櫻撮VOL.01』発売記念パネル展,2026/03/17,2026/03/21,紀伊國屋書店 梅田本店,紀伊國屋書店_梅田本店,紀伊國屋書店 梅田本店[47],紀伊國屋書店_梅田本店,jpg,2026/03/30 18:03:38,,,,,,〇,,,,〇,〇,〇,,,,〇,,,〇,〇,,〇,,,〇,,,〇,,,〇,,,,,〇,,,,,,,,,,
櫻坂46 × ビルディバイド -ブライト- トレーディングカードゲーム,櫻坂46_×_ビルディバイド_-ブライト-_トレーディングカードゲーム,2026/03/16,2026/03/20,東急田園都市線渋谷駅 ビッグ14,東急田園都市線渋谷駅_ビッグ14,東急田園都市線渋谷駅 ビッグ14[40],東急田園都市線渋谷駅_ビッグ14,jpg,2026/03/22 11:24:35,,,,,,,,,,,,,,,,,,,,,,,,,,,,,,,,,,,,,,,,,,,,,,
櫻坂46 × ビルディバイド -ブライト- トレーディングカードゲーム,櫻坂46_×_ビルディバイド_-ブライト-_トレーディングカードゲーム,2026/03/16,2026/03/20,アニメイト池袋本店,アニメイト池袋本店,アニメイト池袋本店[7],アニメイト池袋本店,jpg,2026/03/22 11:25:57,,,,,,,,,,,,,,,,,,,,,〇,,〇,,,,,,,,,,,,,,,,,,,,,,,
櫻坂46 × ビルディバイド -ブライト- トレーディングカードゲーム,櫻坂46_×_ビルディバイド_-ブライト-_トレーディングカードゲーム,2026/03/16,2026/03/20,JR新宿東口,JR新宿東口,JR新宿東口[1],JR新宿東口,mov,2026/03/22 11:26:40,,,,,,,,,,,,,,,,,,,,,,,,,,,,,,,,,,,,,,,,,,,,,,
14thシングル『The growing up train』パネル展示,14thシングル『The_growing_up_train』パネル展示,2026/03/10,2026/03/11,HMV ららぽーと豊洲,HMV_ららぽーと豊洲,HMV ららぽーと豊洲[12],HMV_ららぽーと豊洲,jpg,2026/03/19 20:49:47,,,,,,,,,,,,,,,,,,,,,,,,,,,,,,〇,,,,,,,,,,,,,,,,
14thシングル『The growing up train』パネル展示,14thシングル『The_growing_up_train』パネル展示,2026/03/10,2026/03/11,ヨドバシカメラ マルチメディアAkiba,ヨドバシカメラ_マルチメディアAkiba,ヨドバシカメラ マルチメディアAkiba[10],ヨドバシカメラ_マルチメディアAkiba,jpg,2026/03/19 20:51:26,,,,,,,,,,,〇,,,,,,〇,,,,,〇,,,,,〇,〇,,,,,,,,,,,,,,,,,,
14thシングル『The growing up train』パネル展示,14thシングル『The_growing_up_train』パネル展示,2026/03/10,2026/03/11,ラムタラメディアワールドアキバ,ラムタラメディアワールドアキバ,ラムタラメディアワールドアキバ[13],ラムタラメディアワールドアキバ,jpg,2026/03/19 20:54:05,,,,,,,,,,,,,,,,,,,,,〇,,,,,,,,,,,,,,,,,,,,,,,,,
14thシングル『The growing up train』パネル展示,14thシングル『The_growing_up_train』パネル展示,2026/03/10,2026/03/11,タワーレコード 錦糸町パルコ店,タワーレコード_錦糸町パルコ店,タワーレコード 錦糸町パルコ店[4],タワーレコード_錦糸町パルコ店,jpg,2026/03/19 20:55:23,,,,,,,,,,,,,,,,,,,,,,,,,,,〇,,,,,,,,,,,,,,,,,,,
14thシングル『The growing up train』パネル展示,14thシングル『The_growing_up_train』パネル展示,2026/03/10,2026/03/11,タワーレコード 池袋店,タワーレコード_池袋店,タワーレコード 池袋店[4],タワーレコード_池袋店,jpg,2026/03/19 20:59:04,,,,,,,,,,,,,,,,,,,,,,,,,,,,,,,,,,,〇,,,,,,,,,,,
14thシングル『The growing up train』パネル展示,14thシングル『The_growing_up_train』パネル展示,2026/03/10,2026/03/11,HMV エソラ池袋,HMV_エソラ池袋,HMV エソラ池袋[15],HMV_エソラ池袋,jpg,2026/03/19 21:00:44,,,,,,,,,,,,,,,,,,,〇,,,,,,,,,,,,,,,,,,,,,,,,,,,
14thシングル『The growing up train』パネル展示,14thシングル『The_growing_up_train』パネル展示,2026/03/10,2026/03/11,HMV&BOOKS SPOT SHINJUKU,HMV&BOOKS_SPOT_SHINJUKU,HMV&BOOKS SPOT SHINJUKU[4],HMV&BOOKS_SPOT_SHINJUKU,jpg,2026/03/19 21:01:35,,,,,,,,,,,,,,〇,,,,,,,,,,,,,,,,,,,,,,,,,,,,,,,,
14thシングル『The growing up train』パネル展示,14thシングル『The_growing_up_train』パネル展示,2026/03/10,2026/03/11,ヨドバシカメラ 新宿西口本店,ヨドバシカメラ_新宿西口本店,ヨドバシカメラ 新宿西口本店[6],ヨドバシカメラ_新宿西口本店,jpg,2026/03/19 21:02:26,,,,,,,,,,,,,,,,,,,,,,〇,,,,,,,,,,,,,,,,,,,,,,,,
14thシングル『The growing up train』パネル展示,14thシングル『The_growing_up_train』パネル展示,2026/03/10,2026/03/11,タワーレコード 新宿店,タワーレコード_新宿店,タワーレコード 新宿店[10],タワーレコード_新宿店,jpg,2026/03/19 21:03:52,,,,,,,,,,,,,,,,〇,,,,,,,,,,,,,,,,,,,,,,,,,,,,,,
14thシングル『The growing up train』パネル展示,14thシングル『The_growing_up_train』パネル展示,2026/03/10,2026/03/11,SHIBUYA TSUTAYA,SHIBUYA_TSUTAYA,SHIBUYA TSUTAYA[127],SHIBUYA_TSUTAYA,jpg,2026/03/22 10:53:27,,,,,〇,〇,〇,〇,〇,〇,〇,〇,〇,〇,〇,〇,〇,〇,〇,〇,〇,〇,〇,〇,〇,〇,〇,〇,〇,〇,〇,〇,〇,〇,〇,〇,,,,,,,,,,
14thシングル『The growing up train』パネル展示,14thシングル『The_growing_up_train』パネル展示,2026/03/10,2026/03/11,SHIBUYA TSUTAYA,SHIBUYA_TSUTAYA,光源 パネル[34],光源_パネル,jpg,2026/03/22 11:01:44,,,,,,,,,,,,,,,,,,,,,,,,,,,,〇,〇,〇,〇,〇,〇,〇,〇,〇,,,,,,,,,,
14thシングル『The growing up train』パネル展示,14thシングル『The_growing_up_train』パネル展示,2026/03/10,2026/03/11,SHIBUYA TSUTAYA,SHIBUYA_TSUTAYA,The growing up train パネル[71],The_growing_up_train_パネル,jpg,2026/03/22 11:04:23,,,,,,〇,,,,〇,〇,,〇,〇,〇,〇,,,,,〇,〇,〇,〇,〇,,〇,〇,,,〇,,,,〇,,,,,,,,,,,
14thシングル『The growing up train』パネル展示,14thシングル『The_growing_up_train』パネル展示,2026/03/10,2026/03/11,SHIBUYA TSUTAYA,SHIBUYA_TSUTAYA,ドライフルーツ パネル[71],ドライフルーツ_パネル,jpg,2026/03/22 11:06:35,,,,,〇,,〇,〇,〇,,,〇,,,,,〇,〇,〇,〇,,,,,,〇,,,〇,〇,,〇,〇,〇,,〇,,,,,,,,,,
14thシングル『The growing up train』パネル展示,14thシングル『The_growing_up_train』パネル展示,2026/03/10,2026/03/11,SHIBUYA TSUTAYA,SHIBUYA_TSUTAYA,メンバーパネル[186],メンバーパネル,jpg,2026/03/22 11:08:06,,,,,〇,〇,〇,〇,〇,〇,〇,〇,〇,〇,〇,〇,〇,〇,〇,〇,〇,〇,〇,〇,〇,〇,〇,〇,〇,〇,〇,〇,〇,〇,〇,〇,,,,,,,,,,
14thシングル『The growing up train』パネル展示,14thシングル『The_growing_up_train』パネル展示,2026/03/10,2026/03/11,SHIBUYA TSUTAYA,SHIBUYA_TSUTAYA,メンバーフラッグ[15],メンバーフラッグ,jpg,2026/03/22 11:13:11,,,,,,,,,,,,,,,,,,,,,,,,,,,,,,,,,,,,,,,,,,,,,,
14thシングル『The growing up train』パネル展示,14thシングル『The_growing_up_train』パネル展示,2026/03/10,2026/03/11,HMV&BOOKS SHIBUYA,HMV&BOOKS_SHIBUYA,HMV&BOOKS SHIBUYA[73],HMV&BOOKS_SHIBUYA,jpg,2026/03/22 11:14:32,,,,,,,,,,,,,,,,,,,,,,,〇,,,,,,,,,,,,,,,,,,,,,,,
14thシングル『The growing up train』パネル展示,14thシングル『The_growing_up_train』パネル展示,2026/03/10,2026/03/11,タワーレコード 渋谷店,タワーレコード_渋谷店,タワーレコード 渋谷店[8],タワーレコード_渋谷店,jpg,2026/03/22 11:15:43,,,,,,,,,,〇,,,,,,,,,,,,,,,,,,,,,,,,,,,,,,,,,,,,
14thシングル『The growing up train』パネル展示,14thシングル『The_growing_up_train』パネル展示,2026/03/10,2026/03/21,タワーレコード 梅田NU茶屋町店,タワーレコード_梅田NU茶屋町店,タワーレコード 梅田NU茶屋町店[3],タワーレコード_梅田NU茶屋町店,jpg,2026/03/22 11:16:47,,,,,,,,,,,,,,,,,,,,,,,〇,,,,,,,,,,,,,,,,,,,,,,,
14thシングル『The growing up train』パネル展示,14thシングル『The_growing_up_train』パネル展示,2026/03/10,2026/03/21,紀伊國屋書店 梅田本店,紀伊國屋書店_梅田本店,紀伊國屋書店 梅田本店[3],紀伊國屋書店_梅田本店,jpg,2026/03/22 11:17:30,,,,,,,,,,〇,,,,,,,,,,,,,,,,,,,,,,,,,,,,,,,,,,,,
14thシングル『The growing up train』パネル展示,14thシングル『The_growing_up_train』パネル展示,2026/03/10,2026/03/21,ヨドバシカメラ マルチメディア梅田,ヨドバシカメラ_マルチメディア梅田,ヨドバシカメラ マルチメディア梅田[5],ヨドバシカメラ_マルチメディア梅田,jpg,2026/03/22 11:18:13,,,,,,,,,,,〇,,,,,,,,,,,,,,,,,,,,,,,,,,,,,,,,,,,
14thシングル『The growing up train』パネル展示,14thシングル『The_growing_up_train』パネル展示,2026/03/10,2026/03/21,HMV グランフロント大阪,HMV_グランフロント大阪,HMV グランフロント大阪[5],HMV_グランフロント大阪,jpg,2026/03/22 11:18:54,,,,,,〇,,,,,,,,,,,,,,,,,,,,,,,,,,,,,,,,,,,,,,,,
14thシングル『The growing up train』パネル展示,14thシングル『The_growing_up_train』パネル展示,2026/03/10,2026/03/28,HMV 阪急西宮ガーデンズ,HMV_阪急西宮ガーデンズ,HMV 阪急西宮ガーデンズ[6],HMV_阪急西宮ガーデンズ,jpg,2026/03/30 18:09:29,,,,,,,,,,,,,,,,,,,,,〇,,,,,,,,,,,,,,,,,,,,,,,,,
13thシングル『Unhappy birthday構文』パネル展示,13thシングル『Unhappy_birthday構文』パネル展示,2025/10/28,2025/11/03,SHIBUYA TSUTAYA,SHIBUYA_TSUTAYA,SHIBUYA TSUTAYA[60],SHIBUYA_TSUTAYA,jpg,2026/03/19 17:30:26,,,,〇,〇,〇,〇,〇,〇,〇,〇,〇,〇,〇,〇,〇,〇,〇,〇,〇,〇,〇,〇,〇,〇,〇,〇,,,,,,,,,,,,,,,,,,,
13thシングル『Unhappy birthday構文』パネル展示,13thシングル『Unhappy_birthday構文』パネル展示,2025/10/28,2025/11/03,SHIBUYA TSUTAYA,SHIBUYA_TSUTAYA,Unhappy birthday構文 パネル[59],Unhappy_birthday構文_パネル,jpg,2026/03/19 17:42:27,,,,,,〇,,,,〇,〇,,〇,〇,〇,〇,〇,〇,,,,,〇,〇,〇,〇,〇,,,,,,,,,,,,,,,,,,,
13thシングル『Unhappy birthday構文』パネル展示,13thシングル『Unhappy_birthday構文』パネル展示,2025/10/28,2025/11/03,SHIBUYA TSUTAYA,SHIBUYA_TSUTAYA,木枯らしは泣かない パネル[33],木枯らしは泣かない_パネル,jpg,2026/03/19 17:45:17,,,,〇,〇,,〇,〇,〇,,,〇,,,,,,,〇,〇,〇,〇,,,,,,,,,,,,,,,,,,,,,,,,
13thシングル『Unhappy birthday構文』パネル展示,13thシングル『Unhappy_birthday構文』パネル展示,2025/10/28,2025/11/03,SHIBUYA TSUTAYA,SHIBUYA_TSUTAYA,Alter ego パネル[33],Alter_ego_パネル,jpg,2026/03/19 17:46:30,,,,,,,,,,,,,,,,,,,,,,,,,,,,〇,〇,〇,〇,〇,〇,〇,〇,〇,,,,,,,,,,
13thシングル『Unhappy birthday構文』パネル展示,13thシングル『Unhappy_birthday構文』パネル展示,2025/10/28,2025/11/03,SHIBUYA TSUTAYA,SHIBUYA_TSUTAYA,メンバーパネル[187],メンバーパネル,jpg,2026/03/19 17:47:58,,,,〇,〇,〇,〇,〇,〇,〇,〇,〇,〇,〇,〇,〇,〇,〇,〇,〇,〇,〇,〇,〇,〇,〇,〇,〇,〇,〇,〇,〇,〇,〇,〇,〇,,,,,,,,,,
13thシングル『Unhappy birthday構文』パネル展示,13thシングル『Unhappy_birthday構文』パネル展示,2025/10/28,2025/11/03,SHIBUYA TSUTAYA,SHIBUYA_TSUTAYA,メンバーフラッグ[7],メンバーフラッグ,jpg,2026/03/19 17:49:40,,,,,,,,,,,,,,,,,,,,,,,,,,,,,,,,,,,,,,,,,,,,,,
13thシングル『Unhappy birthday構文』パネル展示,13thシングル『Unhappy_birthday構文』パネル展示,2025/10/28,2025/11/03,HMV&BOOKS SHIBUYA,HMV&BOOKS_SHIBUYA,HMV&BOOKS SHIBUYA[60],HMV&BOOKS_SHIBUYA,jpg,2026/03/19 17:51:12,,,,,,,,,,,,,,,,,,,,,,,,,,,〇,,,,,,,,,,,,,,,,,,,
13thシングル『Unhappy birthday構文』パネル展示,13thシングル『Unhappy_birthday構文』パネル展示,2025/10/28,2025/11/03,タワーレコード 渋谷店,タワーレコード_渋谷店,タワーレコード 渋谷店[6],タワーレコード_渋谷店,jpg,2026/03/19 17:52:47,,,,,,,,,,,,,,,〇,,,,,,,,,,,,,,,,,,,,,,,,,,,,,,,
13thシングル『Unhappy birthday構文』パネル展示,13thシングル『Unhappy_birthday構文』パネル展示,2025/10/28,2025/11/03,HMV&BOOKS SPOT SHINJUKU,HMV&BOOKS_SPOT_SHINJUKU,HMV&BOOKS SPOT SHINJUKU[4],HMV&BOOKS_SPOT_SHINJUKU,jpg,2026/03/19 20:38:35,,,,,,,,,,,,,,,,,〇,,,,,,,,,,,,,,,,,,,,,,,,,,,,,
13thシングル『Unhappy birthday構文』パネル展示,13thシングル『Unhappy_birthday構文』パネル展示,2025/10/28,2025/11/03,ヨドバシカメラ 新宿西口本店,ヨドバシカメラ_新宿西口本店,ヨドバシカメラ 新宿西口本店[7],ヨドバシカメラ_新宿西口本店,jpg,2026/03/19 20:39:17,,,,,,,,,,〇,,,,,,,,,,,,,,,,,,,,,,,,,,,,,,,,,,,,
13thシングル『Unhappy birthday構文』パネル展示,13thシングル『Unhappy_birthday構文』パネル展示,2025/10/28,2025/11/03,タワーレコード 新宿店,タワーレコード_新宿店,タワーレコード 新宿店[5],タワーレコード_新宿店,jpg,2026/03/19 20:40:12,,,,,,,,,,,,,,,,,,,,,,,,,,,〇,,,,,,,,,,,,,,,,,,,
13thシングル『Unhappy birthday構文』パネル展示,13thシングル『Unhappy_birthday構文』パネル展示,2025/10/28,2025/11/03,タワーレコード 池袋店,タワーレコード_池袋店,タワーレコード 池袋店[6],タワーレコード_池袋店,jpg,2026/03/19 20:40:57,,,,,,,,,,,,,,,〇,,,,,,,,,,,,,,,,,,,,,,,,,,,,,,,
13thシングル『Unhappy birthday構文』パネル展示,13thシングル『Unhappy_birthday構文』パネル展示,2025/10/28,2025/11/03,HMV エソラ池袋,HMV_エソラ池袋,HMV エソラ池袋[5],HMV_エソラ池袋,jpg,2026/03/19 20:41:56,,,,,,,,,,,〇,,,,,,,,,,,,,,,,,,,,,,,,,,,,,,,,,,,
13thシングル『Unhappy birthday構文』パネル展示,13thシングル『Unhappy_birthday構文』パネル展示,2025/10/28,2025/11/03,HMV ららぽーと豊洲,HMV_ららぽーと豊洲,HMV ららぽーと豊洲[5],HMV_ららぽーと豊洲,jpg,2026/03/19 20:43:03,,,,,,,,,,,,,,〇,,,,,,,,,,,,,,,,,,,,,,,,,,,,,,,,
13thシングル『Unhappy birthday構文』パネル展示,13thシングル『Unhappy_birthday構文』パネル展示,2025/10/28,2025/11/03,ヨドバシカメラ マルチメディアAkiba,ヨドバシカメラ_マルチメディアAkiba,ヨドバシカメラ マルチメディアAkiba[8],ヨドバシカメラ_マルチメディアAkiba,jpg,2026/03/19 20:44:19,,,,,,,,,,〇,〇,,,,,,,〇,,,,,,,〇,,,,,,,,,,,,,,,,,,,,,
13thシングル『Unhappy birthday構文』パネル展示,13thシングル『Unhappy_birthday構文』パネル展示,2025/10/28,2025/11/03,ラムタラメディアワールドアキバ,ラムタラメディアワールドアキバ,ラムタラメディアワールドアキバ[8],ラムタラメディアワールドアキバ,jpg,2026/03/19 20:45:24,,,,,,,,,,,,,,,,,,,,,,,,,,,,,,,,,,,〇,,,,,,,,,,,
13thシングル『Unhappy birthday構文』パネル展示,13thシングル『Unhappy_birthday構文』パネル展示,2025/10/28,2025/11/03,タワーレコード 錦糸町パルコ店,タワーレコード_錦糸町パルコ店,タワーレコード 錦糸町パルコ店[5],タワーレコード_錦糸町パルコ店,jpg,2026/03/19 20:46:24,,,,,,,,,,,,,,,,,,,,,,,〇,,,,,,,,,,,,,,,,,,,,,,,
13thシングル『Unhappy birthday構文』パネル展示,13thシングル『Unhappy_birthday構文』パネル展示,2025/10/28,2026/03/28,HMV 阪急西宮ガーデンズ,HMV_阪急西宮ガーデンズ,HMV 阪急西宮ガーデンズ[3],HMV_阪急西宮ガーデンズ,jpg,2026/03/30 18:11:11,,,,,,,,,,,,〇,,,,,,,,,,,,,,,,,,,,,,,,,,,,,,,,,,
櫻坂46 日向坂46キャンペーン【2025】,櫻坂46_日向坂46キャンペーン【2025】,2025/10/21,2025/10/26,櫻坂46 日向坂46キャンペーン【2025】,櫻坂46_日向坂46キャンペーン【2025】,櫻坂46 日向坂46キャンペーン【2025】[4],櫻坂46_日向坂46キャンペーン【2025】,jpg,2026/03/20 10:31:25,,,,,,,,,,〇,〇,,〇,,〇,〇,,,,,,,〇,,,,〇,,,,,,,,〇,,,,,,,,,,,
SWITCH Vol.43 No.10 特集 櫻坂46 FIVE YEARS,SWITCH_Vol.43_No.10_特集_櫻坂46_FIVE_YEARS,2025/09/20,2025/11/03,HMV&BOOKS SHIBUYA,HMV&BOOKS_SHIBUYA,HMV&BOOKS SHIBUYA[5],HMV&BOOKS_SHIBUYA,jpg,2026/03/20 11:07:44,,,,,,,,,,〇,〇,,,〇,〇,〇,,,,,,,〇,,,,〇,,,,,,,,,,,,,,,,,,,
SWITCH Vol.43 No.10 特集 櫻坂46 FIVE YEARS,SWITCH_Vol.43_No.10_特集_櫻坂46_FIVE_YEARS,2025/09/20,2026/01/03,SHIBUYA TSUTAYA,SHIBUYA_TSUTAYA,SHIBUYA TSUTAYA[12],SHIBUYA_TSUTAYA,jpg,2026/03/20 11:10:28,,,,,,,,,,〇,〇,,,〇,〇,〇,,,,,,,〇,,,,〇,,,,,,,,,,,,,,,,,,,
『4th YEAR ANNIVERSARY LIVE at ZOZO MARINE STADIUM』発売記念パネル展,『4th_YEAR_ANNIVERSARY_LIVE_at_ZOZO_MARINE_STADIUM』発売記念パネル展,2025/08/26,2025/08/29,SHIBUYA TSUTAYA,SHIBUYA_TSUTAYA,SHIBUYA TSUTAYA[33],SHIBUYA_TSUTAYA,jpg,2026/03/04 18:09:38,〇,〇,〇,〇,〇,〇,〇,〇,〇,〇,〇,〇,〇,〇,〇,〇,〇,〇,〇,〇,〇,〇,〇,〇,〇,〇,〇,,,,,,,,,,,,,,,,,,,
『4th YEAR ANNIVERSARY LIVE at ZOZO MARINE STADIUM』発売記念パネル展,『4th_YEAR_ANNIVERSARY_LIVE_at_ZOZO_MARINE_STADIUM』発売記念パネル展,2025/08/26,2025/08/29,タワーレコード 渋谷店,タワーレコード_渋谷店,タワーレコード 渋谷店[20],タワーレコード_渋谷店,jpg,2026/03/04 19:30:21,〇,〇,〇,〇,〇,〇,〇,〇,〇,〇,〇,〇,〇,〇,〇,〇,〇,〇,〇,〇,〇,〇,〇,〇,〇,〇,〇,,,,,,,,,,,,,,,,,,,
THE SAKURAZAKA46 TOWN in KANSAI,THE_SAKURAZAKA46_TOWN_in_KANSAI,2025/08/04,2025/08/30,櫻坂46トレイン,櫻坂46トレイン,櫻坂46トレイン[34],櫻坂46トレイン,jpg,2026/03/05 22:02:32,,,,〇,〇,〇,〇,〇,〇,〇,〇,〇,〇,〇,〇,〇,〇,〇,〇,〇,〇,〇,〇,〇,〇,〇,〇,〇,〇,〇,〇,〇,〇,〇,〇,〇,,,,,,,,,,
THE SAKURAZAKA46 TOWN in KANSAI,THE_SAKURAZAKA46_TOWN_in_KANSAI,2025/08/01,2025/08/23,デジタルスタンプラリー,デジタルスタンプラリー,デジタルスタンプラリー[94],デジタルスタンプラリー,jpg,2026/03/05 21:49:20,,,,〇,〇,〇,〇,〇,〇,〇,〇,〇,〇,〇,〇,〇,〇,〇,〇,〇,〇,〇,〇,〇,〇,〇,〇,,,,,,,,,,,,,,,,,,,
THE SAKURAZAKA46 TOWN produced by JR東日本,THE_SAKURAZAKA46_TOWN_produced_by_JR東日本,2025/06/28,2025/06/28,デジタルスタンプラリー,デジタルスタンプラリー,デジタルスタンプラリー[45],デジタルスタンプラリー,jpg,2026/03/05 21:29:35,,,,,〇,,,〇,,,〇,,,〇,〇,〇,,,,,,,,,,,,,,,,,,,,,,,,,,,,,,
12thシングル『Make or Break』パネル展示,12thシングル『Make_or_Break』パネル展示,2025/06/24,2025/06/28,HMV ららぽーと豊洲,HMV_ららぽーと豊洲,HMV ららぽーと豊洲[6],HMV_ららぽーと豊洲,jpg,2026/03/19 14:50:56,,,,,,,,,,,,,,,,,,,,,,,,,,,〇,,,,,,,,,,,,,,,,,,,
12thシングル『Make or Break』パネル展示,12thシングル『Make_or_Break』パネル展示,2025/06/24,2025/06/28,タワーレコード 錦糸町パルコ店,タワーレコード_錦糸町パルコ店,タワーレコード 錦糸町パルコ店[5],タワーレコード_錦糸町パルコ店,jpg,2026/03/19 14:51:59,,,,,,,,,,,,,,,〇,,,,,,,,,,,,,,,,,,,,,,,,,,,,,,,
12thシングル『Make or Break』パネル展示,12thシングル『Make_or_Break』パネル展示,2025/06/24,2025/06/28,ラムタラメディアワールドアキバ,ラムタラメディアワールドアキバ,ラムタラメディアワールドアキバ[6],ラムタラメディアワールドアキバ,jpg,2026/03/19 14:52:38,,,,,,〇,,,,,,,,,,,,,,,,,,,,,,,,,,,,,,,,,,,,,,,,
12thシングル『Make or Break』パネル展示,12thシングル『Make_or_Break』パネル展示,2025/06/24,2025/06/28,タワーレコード アリオ亀有店,タワーレコード_アリオ亀有店,タワーレコード アリオ亀有店[7],タワーレコード_アリオ亀有店,jpg,2026/03/19 14:53:54,,,,,,,,,,,,,,,,,,,,,,,,〇,,,,,,,,,,,,,,,,,,,,,,
12thシングル『Make or Break』パネル展示,12thシングル『Make_or_Break』パネル展示,2025/06/24,2025/06/28,HMV エソラ池袋,HMV_エソラ池袋,HMV エソラ池袋[17],HMV_エソラ池袋,jpg,2026/03/19 14:55:25,,,,,,,,,,,,,,,,,,,,,,,〇,,,,,,,,,,,,,,,,,,,,,,,
12thシングル『Make or Break』パネル展示,12thシングル『Make_or_Break』パネル展示,2025/06/24,2025/06/28,タワーレコード 池袋店,タワーレコード_池袋店,タワーレコード 池袋店[6],タワーレコード_池袋店,jpg,2026/03/19 16:34:09,,,,,,,,,,,〇,,,,,,,,,,,,,,,,,,,,,,,,,,,,,,,,,,,
12thシングル『Make or Break』パネル展示,12thシングル『Make_or_Break』パネル展示,2025/06/24,2025/06/28,HMV&BOOKS SPOT SHINJUKU,HMV&BOOKS_SPOT_SHINJUKU,HMV&BOOKS SPOT SHINJUKU[5],HMV&BOOKS_SPOT_SHINJUKU,jpg,2026/03/19 16:34:54,,,,,,,,,,,,,,,,,〇,,,,,,,,,,,,,,,,,,,,,,,,,,,,,
12thシングル『Make or Break』パネル展示,12thシングル『Make_or_Break』パネル展示,2025/06/24,2025/06/28,タワーレコード 新宿店,タワーレコード_新宿店,タワーレコード 新宿店[9],タワーレコード_新宿店,jpg,2026/03/19 16:35:39,,,,,,,,,,,,,,〇,,,,,,,,,,,,,,,,,,,,,,,,,,,,,,,,
12thシングル『Make or Break』パネル展示,12thシングル『Make_or_Break』パネル展示,2025/06/24,2025/06/28,ヨドバシカメラ 新宿西口本店,ヨドバシカメラ_新宿西口本店,ヨドバシカメラ 新宿西口本店[28],ヨドバシカメラ_新宿西口本店,jpg,2026/03/19 16:36:44,,,,,,,,,,,,,,,,,,,,,,,,,,〇,,,,,,,,,,,,,,,,,,,,
12thシングル『Make or Break』パネル展示,12thシングル『Make_or_Break』パネル展示,2025/06/24,2025/06/28,タワーレコード 吉祥寺パルコ店,タワーレコード_吉祥寺パルコ店,タワーレコード 吉祥寺パルコ店[5],タワーレコード_吉祥寺パルコ店,jpg,2026/03/19 16:37:53,,,,,,,,,,,,,,,,,,,,,,〇,,,,,,,,,,,,,,,,,,,,,,,,
12thシングル『Make or Break』パネル展示,12thシングル『Make_or_Break』パネル展示,2025/06/24,2025/06/28,HMV&BOOKS SHIBUYA,HMV&BOOKS_SHIBUYA,HMV&BOOKS SHIBUYA[19],HMV&BOOKS_SHIBUYA,jpg,2026/03/19 16:40:23,,,,,,,,,,,,,,,,〇,,,,,,,,,,,,,,,,,,,,,,,,,,,,,,
12thシングル『Make or Break』パネル展示,12thシングル『Make_or_Break』パネル展示,2025/06/24,2025/06/28,タワーレコード 渋谷店,タワーレコード_渋谷店,タワーレコード 渋谷店[9],タワーレコード_渋谷店,jpg,2026/03/19 16:41:18,,,,,,,,,,〇,,,,,,,,,,,,,,,,,,,,,,,,,,,,,,,,,,,,
12thシングル『Make or Break』パネル展示,12thシングル『Make_or_Break』パネル展示,2025/06/24,2025/06/28,SHIBUYA TSUTAYA,SHIBUYA_TSUTAYA,SHIBUYA TSUTAYA[125],SHIBUYA_TSUTAYA,jpg,2026/03/19 16:43:15,,,,〇,〇,〇,〇,〇,〇,〇,〇,〇,〇,〇,〇,〇,〇,〇,〇,〇,〇,〇,〇,〇,〇,〇,〇,〇,〇,〇,〇,〇,〇,〇,〇,〇,,,,,,,,,,
12thシングル『Make or Break』パネル展示,12thシングル『Make_or_Break』パネル展示,2025/06/24,2025/06/28,SHIBUYA TSUTAYA,SHIBUYA_TSUTAYA,死んだふり パネル[22],死んだふり_パネル,jpg,2026/03/19 16:45:13,,,,,,,,,,,,,,,,,,,,,,,,,,,,〇,〇,〇,〇,〇,〇,〇,〇,〇,,,,,,,,,,
12thシングル『Make or Break』パネル展示,12thシングル『Make_or_Break』パネル展示,2025/06/24,2025/06/28,SHIBUYA TSUTAYA,SHIBUYA_TSUTAYA,Make or Break パネル[77],Make_or_Break_パネル,jpg,2026/03/19 16:47:55,,,,,,〇,,,,〇,〇,,〇,〇,〇,〇,,,,,〇,〇,〇,〇,〇,〇,〇,,,,,,,,,,,,,,,,,,,
12thシングル『Make or Break』パネル展示,12thシングル『Make_or_Break』パネル展示,2025/06/24,2025/06/28,SHIBUYA TSUTAYA,SHIBUYA_TSUTAYA,港区パセリ パネル[63],港区パセリ_パネル,jpg,2026/03/19 16:49:32,,,,〇,〇,,〇,〇,〇,,,〇,,,,,〇,〇,〇,〇,,,,,,,,,,,,,,,,,,,,,,,,,,
12thシングル『Make or Break』パネル展示,12thシングル『Make_or_Break』パネル展示,2025/06/24,2025/06/28,SHIBUYA TSUTAYA,SHIBUYA_TSUTAYA,メンバーパネル[219],メンバーパネル,jpg,2026/03/19 16:51:07,,,,〇,〇,〇,〇,〇,〇,〇,〇,〇,〇,〇,〇,〇,〇,〇,〇,〇,〇,〇,〇,〇,〇,〇,〇,〇,〇,〇,〇,〇,〇,〇,〇,〇,,,,,,,,,,
12thシングル『Make or Break』パネル展示,12thシングル『Make_or_Break』パネル展示,2025/06/24,2025/06/28,SHIBUYA TSUTAYA,SHIBUYA_TSUTAYA,メンバーフラッグ[13],メンバーフラッグ,jpg,2026/03/19 16:52:51,,,,,,,,,,,,,,,,,,,,,,,,,,,,,,,,,,,,,,,,,,,,,,
12thシングル『Make or Break』パネル展示,12thシングル『Make_or_Break』パネル展示,2025/06/24,2025/07/05,新星堂 横浜ジョイナス店,新星堂_横浜ジョイナス店,新星堂 横浜ジョイナス店[7],新星堂_横浜ジョイナス店,jpg,2026/03/19 16:54:25,,,,,,,,,,,,,,〇,,,,,,,,,,,,,,,,,,,,,,,,,,,,,,,,
12thシングル『Make or Break』パネル展示,12thシングル『Make_or_Break』パネル展示,2025/06/24,2025/07/05,ヨドバシカメラ マルチメディア横浜,ヨドバシカメラ_マルチメディア横浜,ヨドバシカメラ マルチメディア横浜[4],ヨドバシカメラ_マルチメディア横浜,jpg,2026/03/19 16:55:07,,,,,,,〇,,,,,,,,,,,,,,,,,,,,,,,,,,,,,,,,,,,,,,,
12thシングルヒットキャンペーン,12thシングルヒットキャンペーン,2025/06/23,2025/07/05,巨大アート,巨大アート,巨大アート[34],巨大アート,jpg,2026/03/05 20:57:44,,,,,,〇,,,,〇,,,,〇,,〇,,,,,〇,,〇,,〇,,〇,,,,,,,,,,,,,,,,,,,
12thシングルヒットキャンペーン,12thシングルヒットキャンペーン,2025/06/23,2025/07/05,来場者限定オリジナルムービー,来場者限定オリジナルムービー,来場者限定オリジナルムービー[1],来場者限定オリジナルムービー,mp4,2026/03/05 21:13:56,,,,,,〇,,,,〇,,,,〇,,〇,,,,,〇,,〇,,〇,,〇,,,,,,,,,,,,,,,,,,,
櫻坂46 四期生「First Showcase」,櫻坂46_四期生「First_Showcase」,2025/06/12,2025/06/12,櫻坂46 四期生「First Showcase」,櫻坂46_四期生「First_Showcase」,櫻坂46 四期生「First Showcase」[19],櫻坂46_四期生「First_Showcase」,jpg,2026/03/09 19:47:10,,,,,,,,,,,,,,,,,,,,,,,,,,,,〇,〇,〇,〇,〇,〇,〇,〇,〇,,,,,,,,,,
2nd Album『Addiction』パネル展示,2nd_Album『Addiction』パネル展示,2025/04/28,2025/05/03,SHIBUYA TSUTAYA,SHIBUYA_TSUTAYA,SHIBUYA TSUTAYA[100],SHIBUYA_TSUTAYA,jpg,2026/03/14 14:11:15,,,,〇,〇,〇,〇,〇,〇,〇,〇,〇,〇,〇,〇,〇,〇,〇,〇,〇,〇,〇,〇,〇,〇,〇,〇,,,,,,,,,,,,,,,,,,,
2nd Album『Addiction』パネル展示,2nd_Album『Addiction』パネル展示,2025/04/28,2025/05/03,SHIBUYA TSUTAYA,SHIBUYA_TSUTAYA,Addiction パネル[126],Addiction_パネル,jpg,2026/03/14 14:23:23,,,,〇,〇,〇,〇,〇,〇,〇,〇,〇,〇,〇,〇,〇,〇,〇,〇,〇,〇,〇,〇,〇,〇,〇,〇,,,,,,,,,,,,,,,,,,,
2nd Album『Addiction』パネル展示,2nd_Album『Addiction』パネル展示,2025/04/28,2025/05/03,SHIBUYA TSUTAYA,SHIBUYA_TSUTAYA,4th ARENA TOUR 2024 新・櫻前線 -Go on back?- IN 東京ドーム パネル[53],4th_ARENA_TOUR_2024_新・櫻前線_-Go_on_back-_IN_東京ドーム_パネル,jpg,2026/03/14 14:33:16,〇,〇,〇,〇,〇,〇,〇,〇,〇,〇,〇,〇,〇,〇,〇,〇,〇,〇,〇,〇,〇,〇,〇,〇,〇,〇,〇,,,,,,,,,,,,,,,,,,,
2nd Album『Addiction』パネル展示,2nd_Album『Addiction』パネル展示,2025/04/28,2025/05/03,SHIBUYA TSUTAYA,SHIBUYA_TSUTAYA,メンバーパネル[170],メンバーパネル,jpg,2026/03/14 14:37:28,,,,〇,〇,〇,〇,〇,〇,〇,〇,〇,〇,〇,〇,〇,〇,〇,〇,〇,〇,〇,〇,〇,〇,〇,〇,,,,,,,,,,,,,,,,,,,
2nd Album『Addiction』パネル展示,2nd_Album『Addiction』パネル展示,2025/04/28,2025/05/03,SHIBUYA TSUTAYA,SHIBUYA_TSUTAYA,メンバーフラッグ[9],メンバーフラッグ,jpg,2026/03/14 14:46:02,,,,〇,〇,〇,〇,〇,〇,〇,〇,〇,〇,〇,〇,〇,〇,〇,〇,〇,〇,〇,〇,〇,〇,〇,〇,,,,,,,,,,,,,,,,,,,
2nd Album『Addiction』パネル展示,2nd_Album『Addiction』パネル展示,2025/04/28,2025/05/03,HMV&BOOKS SHIBUYA,HMV&BOOKS_SHIBUYA,HMV&BOOKS SHIBUYA[23],HMV&BOOKS_SHIBUYA,jpg,2026/03/14 14:58:06,,,,,,,,,,,,,,,,,,,,,,,,,,,,,,,,,,,,,,,,,,,,,,
2nd Album『Addiction』パネル展示,2nd_Album『Addiction』パネル展示,2025/04/28,2025/05/03,タワーレコード 渋谷店,タワーレコード_渋谷店,タワーレコード 渋谷店[28],タワーレコード_渋谷店,jpg,2026/03/14 15:16:01,,,,,,,,,,,,,,,,〇,,,,,,,,,,,,,,,,,,,,,,,,,,,,,,
2nd Album『Addiction』パネル展示,2nd_Album『Addiction』パネル展示,2025/04/28,2025/05/03,ヨドバシカメラ 新宿西口本店,ヨドバシカメラ_新宿西口本店,ヨドバシカメラ 新宿西口本店[5],ヨドバシカメラ_新宿西口本店,jpg,2026/03/14 15:23:31,,,,,,,,,,,,,,,,,,,,,,,,,,〇,,,,,,,,,,,,,,,,,,,,
2nd Album『Addiction』パネル展示,2nd_Album『Addiction』パネル展示,2025/04/28,2025/05/03,タワーレコード 新宿店,タワーレコード_新宿店,タワーレコード 新宿店[9],タワーレコード_新宿店,jpg,2026/03/14 15:30:09,,,,,,,,,,,,,,,,,,,,,,,,,,,〇,,,,,,,,,,,,,,,,,,,
2nd Album『Addiction』パネル展示,2nd_Album『Addiction』パネル展示,2025/04/28,2025/05/03,タワーレコード 池袋店,タワーレコード_池袋店,タワーレコード 池袋店[4],タワーレコード_池袋店,jpg,2026/03/14 15:35:34,,,,,,,,,,,,,,,〇,,,,,,,,,,,,,,,,,,,,,,,,,,,,,,,
2nd Album『Addiction』パネル展示,2nd_Album『Addiction』パネル展示,2025/04/28,2025/05/03,HMV エソラ池袋,HMV_エソラ池袋,HMV エソラ池袋[6],HMV_エソラ池袋,jpg,2026/03/14 18:16:52,,,,,,,,,,,,,,,,,,,,,〇,,,,,,,,,,,,,,,,,,,,,,,,,
2nd Album『Addiction』パネル展示,2nd_Album『Addiction』パネル展示,2025/04/28,2025/05/03,HMV ららぽーと豊洲,HMV_ららぽーと豊洲,HMV ららぽーと豊洲[5],HMV_ららぽーと豊洲,jpg,2026/03/14 18:21:27,,,,,,,,,,〇,,,,,,,,,,,,,,,,,,,,,,,,,,,,,,,,,,,,
2nd Album『Addiction』パネル展示,2nd_Album『Addiction』パネル展示,2025/04/28,2025/05/03,ヨドバシカメラ マルチメディアAkiba,ヨドバシカメラ_マルチメディアAkiba,ヨドバシカメラ マルチメディアAkiba[6],ヨドバシカメラ_マルチメディアAkiba,jpg,2026/03/14 18:23:11,,,,,,〇,,,,,,,,,〇,,,,,,,,,,,〇,,,,,,,,,,,,,,,,,,,,
2nd Album『Addiction』パネル展示,2nd_Album『Addiction』パネル展示,2025/04/28,2025/05/03,ラムタラメディアワールドアキバ,ラムタラメディアワールドアキバ,ラムタラメディアワールドアキバ[6],ラムタラメディアワールドアキバ,jpg,2026/03/14 18:24:11,,,,,,,,,,,,〇,,,,,,,,,,,,,,,,,,,,,,,,,,,,,,,,,,
2nd Album『Addiction』パネル展示,2nd_Album『Addiction』パネル展示,2025/04/28,2025/05/03,タワーレコード 錦糸町パルコ店,タワーレコード_錦糸町パルコ店,タワーレコード 錦糸町パルコ店[7],タワーレコード_錦糸町パルコ店,jpg,2026/03/14 18:27:19,,,,,,,,,,,,,,,,,,,,,,,,〇,,,,,,,,,,,,,,,,,,,,,,
2nd Album『Addiction』パネル展示,2nd_Album『Addiction』パネル展示,2025/04/28,2025/05/04,ヨドバシカメラ マルチメディア京都,ヨドバシカメラ_マルチメディア京都,ヨドバシカメラ マルチメディア京都[47],ヨドバシカメラ_マルチメディア京都,jpg,2026/03/17 16:16:51,,,,,,〇,,,,,〇,,,,〇,,,,,,,,,,,〇,,,,,,,,,,,,,,,,,,,,
2nd Album『Addiction』パネル展示,2nd_Album『Addiction』パネル展示,2025/04/28,2025/05/04,ヨドバシカメラ マルチメディア京都,ヨドバシカメラ_マルチメディア京都,Buddiesロード[1],Buddiesロード,mov,2026/03/17 16:44:25,,,,〇,〇,〇,〇,〇,〇,〇,〇,〇,〇,〇,〇,〇,〇,〇,〇,〇,〇,〇,〇,〇,〇,〇,〇,,,,,,,,,,,,,,,,,,,
2nd Album『Addiction』パネル展示,2nd_Album『Addiction』パネル展示,2025/04/28,2025/05/04,大垣書店イオンモールKYOTO店,大垣書店イオンモールKYOTO店,大垣書店イオンモールKYOTO店[2],大垣書店イオンモールKYOTO店,jpg,2026/03/17 16:48:37,,,,,,,,,,,,,,,,,,,,,,,,,,,,,,,,,,,,,,,,,,,,,,
2nd Album『Addiction』パネル展示,2nd_Album『Addiction』パネル展示,2025/04/28,2025/05/04,タワーレコード 京都店,タワーレコード_京都店,タワーレコード 京都店[7],タワーレコード_京都店,jpg,2026/03/17 16:49:52,,,,,,,,,,,,,,,,,,,,,,,,,,,〇,,,,,,,,,,,,,,,,,,,
2nd Album『Addiction』パネル展示,2nd_Album『Addiction』パネル展示,2025/04/28,2025/05/04,タワーレコード 高槻阪急店,タワーレコード_高槻阪急店,タワーレコード 高槻阪急店[4],タワーレコード_高槻阪急店,jpg,2026/03/17 16:50:40,,,,,,,,,,,,,〇,,,,,,,,,,,,,,,,,,,,,,,,,,,,,,,,,
2nd Album『Addiction』パネル展示,2nd_Album『Addiction』パネル展示,2025/04/28,2025/05/04,HMV 阪急西宮ガーデンズ,HMV_阪急西宮ガーデンズ,HMV 阪急西宮ガーデンズ[6],HMV_阪急西宮ガーデンズ,jpg,2026/03/17 22:28:41,,,,,,,,,,,,,,,,〇,,,,,,,,,,,,,,,,,,,,,,,,,,,,,,
2nd Album『Addiction』パネル展示,2nd_Album『Addiction』パネル展示,2025/04/28,2025/05/04,タワーレコード 梅田NU茶屋町店,タワーレコード_梅田NU茶屋町店,タワーレコード 梅田NU茶屋町店[5],タワーレコード_梅田NU茶屋町店,jpg,2026/03/17 22:30:18,,,,,,,,,,,,,,,,〇,,,,,,,,,,,,,,,,,,,,,,,,,,,,,,
2nd Album『Addiction』パネル展示,2nd_Album『Addiction』パネル展示,2025/04/28,2025/05/04,ヨドバシカメラ マルチメディア梅田,ヨドバシカメラ_マルチメディア梅田,ヨドバシカメラ マルチメディア梅田[4],ヨドバシカメラ_マルチメディア梅田,jpg,2026/03/17 22:31:54,,,,〇,,,,,,,,,,,,,,,,,,,,,,,,,,,,,,,,,,,,,,,,,,
2nd Album『Addiction』パネル展示,2nd_Album『Addiction』パネル展示,2025/04/28,2025/05/05,新星堂 天王寺ミオ店,新星堂_天王寺ミオ店,新星堂 天王寺ミオ店[12],新星堂_天王寺ミオ店,jpg,2026/03/17 22:34:06,,,,,,,,,,,,,,,,,,,,,〇,,,,,,,,,,,,,,,,,,,,,,,,,
2nd Album『Addiction』パネル展示,2nd_Album『Addiction』パネル展示,2025/04/28,2025/05/05,タワーレコード あべのHoop店,タワーレコード_あべのHoop店,タワーレコード あべのHoop店[1],タワーレコード_あべのHoop店,jpg,2026/03/17 22:36:27,,,,,,,〇,,,,,,,,,,,,,,,,,,,,,,,,,,,,,,,,,,,,,,,
2nd Album『Addiction』パネル展示,2nd_Album『Addiction』パネル展示,2025/04/28,2025/05/05,タワーレコード なんばパークス店,タワーレコード_なんばパークス店,タワーレコード なんばパークス店[5],タワーレコード_なんばパークス店,jpg,2026/03/17 22:37:22,,,,〇,,,,,,,,,,,,,,,,,,,,,,,,,,,,,,,,,,,,,,,,,,
2nd Album『Addiction』パネル展示,2nd_Album『Addiction』パネル展示,2025/04/28,2025/05/05,Joshin 日本橋店2Fディスクピア,Joshin_日本橋店2Fディスクピア,Joshin 日本橋店2Fディスクピア[8],Joshin_日本橋店2Fディスクピア,jpg,2026/03/17 22:38:07,,,,,〇,,,,,,,,,,,,,,,,,,,,,,,,,,,,,,,,,,,,,,,,,
2nd Album『Addiction』パネル展示,2nd_Album『Addiction』パネル展示,2025/04/28,2025/05/05,TSUTAYA EBISUBASHI,TSUTAYA_EBISUBASHI,TSUTAYA EBISUBASHI[4],TSUTAYA_EBISUBASHI,jpg,2026/03/17 22:39:50,,,,,,,,,,,,,,,,,,,,,,,,,,,〇,,,,,,,,,,,,,,,,,,,
2nd Album『Addiction』パネル展示,2nd_Album『Addiction』パネル展示,2025/04/28,2025/05/05,HMV&BOOKS SHINSAIBASHI,HMV&BOOKS_SHINSAIBASHI,HMV&BOOKS SHINSAIBASHI[8],HMV&BOOKS_SHINSAIBASHI,jpg,2026/03/17 22:40:47,,,,,,,,,,,,,,〇,,,,,,,,,,,,,,,,,,,,,,,,,,,,,,,,
2nd Album『Addiction』パネル展示,2nd_Album『Addiction』パネル展示,2025/04/28,2025/05/05,HMV グランフロント大阪,HMV_グランフロント大阪,HMV グランフロント大阪[5],HMV_グランフロント大阪,jpg,2026/03/17 22:41:46,,,,,,,,,,,〇,,,,,,,,,,,,,,,,,,,,,,,,,,,,,,,,,,,
2nd Album『Addiction』パネル展示,2nd_Album『Addiction』パネル展示,2025/04/28,2025/07/05,ヨドバシカメラ マルチメディア横浜,ヨドバシカメラ_マルチメディア横浜,ヨドバシカメラ マルチメディア横浜[4],ヨドバシカメラ_マルチメディア横浜,jpg,2026/03/17 22:43:50,,,,,,〇,,,,,,,,,〇,,,,,,,,,,,〇,,,,,,,,,,,,,,,,,,,,
5th TOUR 2025 “Addiction”,5th_TOUR_2025_“Addiction”,2025/04/26,2025/07/26,東京ドーム,東京ドーム,東京ドーム[54],東京ドーム,jpg,2026/03/05 19:43:20,,,,〇,〇,〇,〇,〇,〇,〇,〇,〇,〇,〇,〇,〇,〇,〇,〇,〇,〇,〇,〇,〇,〇,〇,〇,〇,〇,〇,〇,〇,〇,〇,〇,〇,,,,,,,,,,
5th TOUR 2025 “Addiction”,5th_TOUR_2025_“Addiction”,2025/04/26,2025/08/24,京セラドーム,京セラドーム,京セラドーム[40],京セラドーム,jpg,2026/03/05 19:55:44,,,,〇,〇,〇,〇,〇,〇,〇,〇,〇,〇,〇,〇,〇,〇,〇,〇,〇,〇,〇,〇,〇,〇,〇,〇,〇,〇,〇,〇,〇,〇,〇,〇,〇,,,,,,,,,,
ミュージックステーション『UDAGAWA GENERATION』サイン,ミュージックステーション『UDAGAWA_GENERATION』サイン,2025/02/21,2025/02/22,ミュージックステーション『UDAGAWA GENERATION』サイン,ミュージックステーション『UDAGAWA_GENERATION』サイン,ミュージックステーション『UDAGAWA GENERATION』サイン[1],ミュージックステーション『UDAGAWA_GENERATION』サイン,jpg,2026/03/18 22:41:45,,,,,,〇,,,,〇,〇,,〇,〇,〇,〇,〇,,,,〇,,〇,〇,〇,〇,〇,,,,,,,,,,,,,,,,,,,
11thシングル『UDAGAWA GENERATION』パネル展示,11thシングル『UDAGAWA_GENERATION』パネル展示,2025/02/18,2025/02/22,HMV&BOOKS SHIBUYA,HMV&BOOKS_SHIBUYA,HMV&BOOKS SHIBUYA[55],HMV&BOOKS_SHIBUYA,jpg,2026/03/18 20:59:08,,,,,,,,,,〇,,,,,,,,,,,,,,,,,,,,,,,,,,,,,,,,,,,,
11thシングル『UDAGAWA GENERATION』パネル展示,11thシングル『UDAGAWA_GENERATION』パネル展示,2025/02/18,2025/02/22,SHIBUYA TSUTAYA,SHIBUYA_TSUTAYA,SHIBUYA TSUTAYA[63],SHIBUYA_TSUTAYA,jpg,2026/03/18 21:01:20,〇,,,〇,〇,〇,〇,〇,〇,〇,〇,〇,〇,〇,〇,〇,〇,〇,〇,〇,〇,〇,〇,〇,〇,〇,〇,,,,,,,,,,,,,,,,,,,
11thシングル『UDAGAWA GENERATION』パネル展示,11thシングル『UDAGAWA_GENERATION』パネル展示,2025/02/18,2025/02/22,SHIBUYA TSUTAYA,SHIBUYA_TSUTAYA,UDAGAWA GENERATION パネル[70],UDAGAWA_GENERATION_パネル,jpg,2026/03/18 21:05:31,,,,,,〇,,,,〇,〇,,〇,〇,〇,〇,〇,,,,〇,,〇,〇,〇,〇,〇,,,,,,,,,,,,,,,,,,,
11thシングル『UDAGAWA GENERATION』パネル展示,11thシングル『UDAGAWA_GENERATION』パネル展示,2025/02/18,2025/02/22,SHIBUYA TSUTAYA,SHIBUYA_TSUTAYA,Nothing special パネル[68],Nothing_special_パネル,jpg,2026/03/18 21:07:30,〇,,,〇,〇,,〇,〇,〇,,,〇,,,,,,〇,〇,〇,,〇,,,,,,,,,,,,,,,,,,,,,,,,
11thシングル『UDAGAWA GENERATION』パネル展示,11thシングル『UDAGAWA_GENERATION』パネル展示,2025/02/18,2025/02/22,SHIBUYA TSUTAYA,SHIBUYA_TSUTAYA,メンバーパネル[117],メンバーパネル,jpg,2026/03/18 21:09:56,〇,,,〇,〇,〇,〇,〇,〇,〇,〇,〇,〇,〇,〇,〇,〇,〇,〇,〇,〇,〇,〇,〇,〇,〇,〇,,,,,,,,,,,,,,,,,,,
11thシングル『UDAGAWA GENERATION』パネル展示,11thシングル『UDAGAWA_GENERATION』パネル展示,2025/02/18,2025/02/22,SHIBUYA TSUTAYA,SHIBUYA_TSUTAYA,メンバーフラッグ[5],メンバーフラッグ,jpg,2026/03/18 21:12:23,,,,,,,,,,,,,,,,,,,,,,,,,,,,,,,,,,,,,,,,,,,,,,
11thシングル『UDAGAWA GENERATION』パネル展示,11thシングル『UDAGAWA_GENERATION』パネル展示,2025/02/18,2025/02/22,タワーレコード 渋谷店,タワーレコード_渋谷店,タワーレコード 渋谷店[8],タワーレコード_渋谷店,jpg,2026/03/18 21:14:35,,,,,,,,,,,〇,,,,,,,,,,,,,,,,,,,,,,,,,,,,,,,,,,,
11thシングル『UDAGAWA GENERATION』パネル展示,11thシングル『UDAGAWA_GENERATION』パネル展示,2025/02/18,2025/02/22,HMV エソラ池袋,HMV_エソラ池袋,HMV エソラ池袋[3],HMV_エソラ池袋,jpg,2026/03/18 21:16:10,,,,,,,,,,,,,,,,,,,,,,,,,,〇,,,,,,,,,,,,,,,,,,,,
11thシングル『UDAGAWA GENERATION』パネル展示,11thシングル『UDAGAWA_GENERATION』パネル展示,2025/02/18,2025/02/22,タワーレコード 池袋店,タワーレコード_池袋店,タワーレコード 池袋店[3],タワーレコード_池袋店,jpg,2026/03/18 21:18:12,,,,,,,,,,,,,,,,,,,,,〇,,,,,,,,,,,,,,,,,,,,,,,,,
11thシングル『UDAGAWA GENERATION』パネル展示,11thシングル『UDAGAWA_GENERATION』パネル展示,2025/02/18,2025/02/22,HMV&BOOKS SPOT SHINJUKU,HMV&BOOKS_SPOT_SHINJUKU,HMV&BOOKS SPOT SHINJUKU[4],HMV&BOOKS_SPOT_SHINJUKU,jpg,2026/03/18 21:19:33,,,,,,,,,,,,,,,,,,,,,,,〇,,,,,,,,,,,,,,,,,,,,,,,
11thシングル『UDAGAWA GENERATION』パネル展示,11thシングル『UDAGAWA_GENERATION』パネル展示,2025/02/18,2025/02/22,ヨドバシカメラ 新宿西口本店,ヨドバシカメラ_新宿西口本店,ヨドバシカメラ 新宿西口本店[6],ヨドバシカメラ_新宿西口本店,jpg,2026/03/18 21:21:07,〇,,,,,,,,,,,,,,,,,,,,,,,,,,,,,,,,,,,,,,,,,,,,,
11thシングル『UDAGAWA GENERATION』パネル展示,11thシングル『UDAGAWA_GENERATION』パネル展示,2025/02/18,2025/02/22,タワーレコード 新宿店,タワーレコード_新宿店,タワーレコード 新宿店[5],タワーレコード_新宿店,jpg,2026/03/18 21:23:13,,,,,,,,,,,,,,,,〇,,,,,,,,,,,,,,,,,,,,,,,,,,,,,,
11thシングル『UDAGAWA GENERATION』パネル展示,11thシングル『UDAGAWA_GENERATION』パネル展示,2025/02/18,2025/02/22,ヨドバシカメラ マルチメディアAkiba,ヨドバシカメラ_マルチメディアAkiba,ヨドバシカメラ マルチメディアAkiba[1],ヨドバシカメラ_マルチメディアAkiba,jpg,2026/03/18 22:24:38,,,,,,,,,,,,,,〇,〇,,〇,,,,,,,,〇,,,,,,,,,,,,,,,,,,,,,
11thシングル『UDAGAWA GENERATION』パネル展示,11thシングル『UDAGAWA_GENERATION』パネル展示,2025/02/18,2025/02/22,ラムタラメディアワールドアキバ,ラムタラメディアワールドアキバ,ラムタラメディアワールドアキバ[3],ラムタラメディアワールドアキバ,jpg,2026/03/18 22:26:08,,,,,,,,,,,,,,,,,,〇,,,,,,,,,,,,,,,,,,,,,,,,,,,,
11thシングル『UDAGAWA GENERATION』パネル展示,11thシングル『UDAGAWA_GENERATION』パネル展示,2025/02/18,2025/02/22,買取販売市場ムーランAKIBA,買取販売市場ムーランAKIBA,買取販売市場ムーランAKIBA[3],買取販売市場ムーランAKIBA,jpg,2026/03/18 22:27:40,,,,,,〇,,,,,,,,,,,,,,,,,,,,,,,,,,,,,,,,,,,,,,,,
11thシングル『UDAGAWA GENERATION』パネル展示,11thシングル『UDAGAWA_GENERATION』パネル展示,2025/02/18,2025/02/22,タワーレコード 錦糸町パルコ店,タワーレコード_錦糸町パルコ店,タワーレコード 錦糸町パルコ店[4],タワーレコード_錦糸町パルコ店,jpg,2026/03/18 22:28:34,,,,,,,,,,,,〇,,,,,,,,,,,,,,,,,,,,,,,,,,,,,,,,,,
11thシングル『UDAGAWA GENERATION』パネル展示,11thシングル『UDAGAWA_GENERATION』パネル展示,2025/02/18,2025/05/04,ヨドバシカメラ マルチメディア京都,ヨドバシカメラ_マルチメディア京都,ヨドバシカメラ マルチメディア京都[8],ヨドバシカメラ_マルチメディア京都,jpg,2026/03/18 22:30:36,,,,〇,,,,,,,,,,〇,〇,,〇,,,,,,,,〇,,,,,,,,,,,,,,,,,,,,,
11thシングル『UDAGAWA GENERATION』パネル展示,11thシングル『UDAGAWA_GENERATION』パネル展示,2025/02/18,2025/05/04,大垣書店イオンモールKYOTO店,大垣書店イオンモールKYOTO店,大垣書店イオンモールKYOTO店[4],大垣書店イオンモールKYOTO店,jpg,2026/03/18 22:31:59,,,,,,,,,,,,,,,,,,,,,,,,,〇,,,,,,,,,,,,,,,,,,,,,
11thシングル『UDAGAWA GENERATION』パネル展示,11thシングル『UDAGAWA_GENERATION』パネル展示,2025/02/18,2025/05/04,HMV 三宮オーパ,HMV_三宮オーパ,HMV 三宮オーパ[4],HMV_三宮オーパ,jpg,2026/03/18 22:33:34,,,,,,,,,,,,,,,,,,,,〇,,,,,,,,,,,,,,,,,,,,,,,,,,
11thシングル『UDAGAWA GENERATION』パネル展示,11thシングル『UDAGAWA_GENERATION』パネル展示,2025/02/18,2025/05/04,HMV 阪急西宮ガーデンズ,HMV_阪急西宮ガーデンズ,HMV 阪急西宮ガーデンズ[5],HMV_阪急西宮ガーデンズ,jpg,2026/03/18 22:34:40,〇,,,,,,,,,,,,,,,,,,,,,,,,,,,,,,,,,,,,,,,,,,,,,
11thシングル『UDAGAWA GENERATION』パネル展示,11thシングル『UDAGAWA_GENERATION』パネル展示,2025/02/18,2025/05/05,タワーレコード あべのHoop店,タワーレコード_あべのHoop店,タワーレコード あべのHoop店[2],タワーレコード_あべのHoop店,jpg,2026/03/18 22:35:57,,,,,,,,,,,,,,,,,,,,〇,,,,,,,,,,,,,,,,,,,,,,,,,,
11thシングル『UDAGAWA GENERATION』パネル展示,11thシングル『UDAGAWA_GENERATION』パネル展示,2025/02/18,2025/07/05,新星堂 横浜ジョイナス店,新星堂_横浜ジョイナス店,新星堂 横浜ジョイナス店[6],新星堂_横浜ジョイナス店,jpg,2026/03/18 22:37:52,,,,,,,,,,,,,,,,,,,,,,,,,〇,,,,,,,,,,,,,,,,,,,,,
「ピッカーン！」のCD発売,「ピッカーン！」のCD発売,2025/02/05,2025/02/22,HMV&BOOKS SHIBUYA,HMV&BOOKS_SHIBUYA,HMV&BOOKS SHIBUYA[3],HMV&BOOKS_SHIBUYA,jpg,2026/03/20 10:12:57,,,,,,,,,,,,,,,,,,,,,,,,,,,,,,,,,,,,,,,,,,,,,,
「ピッカーン！」のCD発売,「ピッカーン！」のCD発売,2025/02/05,2025/02/22,SHIBUYA TSUTAYA,SHIBUYA_TSUTAYA,SHIBUYA TSUTAYA[6],SHIBUYA_TSUTAYA,jpg,2026/03/20 10:15:15,,,,,,,,,,,,,〇,〇,,,,,,,,,,,,,,,,,,,,,,,,,,,,,,,,
「Xperia1VI」の体験イベント,「Xperia1VI」の体験イベント,2024/12/17,2024/12/21,ソニーストア 銀座,ソニーストア_銀座,ソニーストア 銀座[5],ソニーストア_銀座,jpg,2026/03/19 17:25:06,,,,,,,,,,〇,〇,,,〇,〇,〇,,,,,〇,,〇,,,,〇,,,,,,,,,,,,,,,,,,,
4th YEAR ANNIVERSARY LIVE,4th_YEAR_ANNIVERSARY_LIVE,2024/11/23,2024/11/24,4th YEAR ANNIVERSARY LIVE,4th_YEAR_ANNIVERSARY_LIVE,4th YEAR ANNIVERSARY LIVE[95],4th_YEAR_ANNIVERSARY_LIVE,jpg,2026/03/09 20:48:08,〇,〇,〇,〇,〇,〇,〇,〇,〇,〇,〇,〇,〇,〇,〇,〇,〇,〇,〇,〇,〇,〇,〇,〇,〇,〇,〇,,,,,,,,,,,,,,,,,,,
10thシングル『I want tomorrow to come』パネル展示,10thシングル『I_want_tomorrow_to_come』パネル展示,2024/10/22,2024/10/26,SHIBUYA TSUTAYA,SHIBUYA_TSUTAYA,SHIBUYA TSUTAYA[104],SHIBUYA_TSUTAYA,jpg,2026/03/11 22:17:48,〇,〇,〇,〇,〇,〇,〇,〇,〇,〇,〇,〇,〇,〇,〇,〇,〇,〇,〇,〇,〇,〇,〇,〇,〇,〇,〇,,,,,,,,,,,,,,,,,,,
10thシングル『I want tomorrow to come』パネル展示,10thシングル『I_want_tomorrow_to_come』パネル展示,2024/10/22,2024/10/26,SHIBUYA TSUTAYA,SHIBUYA_TSUTAYA,I want tomorrow to come パネル[63],I_want_tomorrow_to_come_パネル,jpg,2025/03/18 19:05:02,,,,,,〇,,,〇,〇,〇,,〇,〇,〇,〇,,,,,〇,〇,〇,〇,,〇,〇,,,,,,,,,,,,,,,,,,,
10thシングル『I want tomorrow to come』パネル展示,10thシングル『I_want_tomorrow_to_come』パネル展示,2024/10/22,2024/10/26,SHIBUYA TSUTAYA,SHIBUYA_TSUTAYA,僕は僕を好きになれない パネル[74],僕は僕を好きになれない_パネル,jpg,2025/03/18 19:05:02,〇,〇,〇,〇,〇,,〇,〇,,,,〇,,,,,〇,〇,,〇,,,,,〇,,,,,,,,,,,,,,,,,,,,,
10thシングル『I want tomorrow to come』パネル展示,10thシングル『I_want_tomorrow_to_come』パネル展示,2024/10/22,2024/10/26,SHIBUYA TSUTAYA,SHIBUYA_TSUTAYA,メンバーパネル[134],メンバーパネル,jpg,2025/03/18 19:05:02,〇,〇,〇,〇,〇,〇,〇,〇,〇,〇,〇,〇,〇,〇,〇,〇,〇,〇,〇,〇,〇,〇,〇,〇,〇,〇,〇,,,,,,,,,,,,,,,,,,,
10thシングル『I want tomorrow to come』パネル展示,10thシングル『I_want_tomorrow_to_come』パネル展示,2024/10/22,2024/10/26,SHIBUYA TSUTAYA,SHIBUYA_TSUTAYA,メンバーフラッグ[36],メンバーフラッグ,jpg,2025/03/18 19:05:02,〇,〇,〇,〇,〇,〇,〇,〇,〇,〇,〇,〇,〇,〇,〇,〇,〇,〇,〇,〇,〇,〇,〇,〇,〇,〇,〇,,,,,,,,,,,,,,,,,,,
10thシングル『I want tomorrow to come』パネル展示,10thシングル『I_want_tomorrow_to_come』パネル展示,2024/10/22,2024/10/26,タワーレコード 渋谷店,タワーレコード_渋谷店,タワーレコード 渋谷店[10],タワーレコード_渋谷店,jpg,2026/03/13 8:59:08,,,,,,,,,,,,,,〇,,,,,,,,,,,,,,,,,,,,,,,,,,,,,,,,
10thシングル『I want tomorrow to come』パネル展示,10thシングル『I_want_tomorrow_to_come』パネル展示,2024/10/22,2024/10/26,HMV&BOOKS SHIBUYA,HMV&BOOKS_SHIBUYA,HMV&BOOKS SHIBUYA[22],HMV&BOOKS_SHIBUYA,jpg,2026/03/13 9:09:56,〇,,,,,〇,,,,,,,〇,,,〇,,〇,,,,,〇,〇,〇,,〇,,,,,,,,,,,,,,,,,,,
10thシングル『I want tomorrow to come』パネル展示,10thシングル『I_want_tomorrow_to_come』パネル展示,2024/10/22,2024/10/26,ヨドバシカメラ マルチメディアAkiba,ヨドバシカメラ_マルチメディアAkiba,ヨドバシカメラ マルチメディアAkiba[3],ヨドバシカメラ_マルチメディアAkiba,jpg,2026/03/13 9:15:40,〇,,,,,,,,,,,,,,,,,,,,,,,,,,,,,,,,,,,,,,,,,,,,,
10thシングル『I want tomorrow to come』パネル展示,10thシングル『I_want_tomorrow_to_come』パネル展示,2024/10/22,2024/10/26,ラムタラメディアワールドアキバ,ラムタラメディアワールドアキバ,ラムタラメディアワールドアキバ[5],ラムタラメディアワールドアキバ,jpg,2026/03/13 9:22:16,,,,,,,,,,,,〇,,,,,,,,,,,,,,,,,,,,,,,,,,,,,,,,,,
10thシングル『I want tomorrow to come』パネル展示,10thシングル『I_want_tomorrow_to_come』パネル展示,2024/10/22,2024/10/26,ラムタラエピカリアキバ,ラムタラエピカリアキバ,ラムタラエピカリアキバ[2],ラムタラエピカリアキバ,jpg,2026/03/13 9:24:04,,,,,,,,,,,,,,,,,,,,,,,,,,,,,,,,,,,,,,,,,,,,,,
10thシングル『I want tomorrow to come』パネル展示,10thシングル『I_want_tomorrow_to_come』パネル展示,2024/10/22,2024/10/26,買取販売市場ムーランAKIBA,買取販売市場ムーランAKIBA,買取販売市場ムーランAKIBA[1],買取販売市場ムーランAKIBA,jpg,2026/03/13 9:25:51,,,,,,,〇,,,,,,,,,,,,,,,,,,,,,,,,,,,,,,,,,,,,,,,
10thシングル『I want tomorrow to come』パネル展示,10thシングル『I_want_tomorrow_to_come』パネル展示,2024/10/22,2024/10/26,タワーレコード 錦糸町パルコ店,タワーレコード_錦糸町パルコ店,タワーレコード 錦糸町パルコ店[7],タワーレコード_錦糸町パルコ店,jpg,2026/03/13 9:29:39,,,,,,,,,,,,,,,,,,,,,,〇,,,,,,,,,,,,,,,,,,,,,,,,
10thシングル『I want tomorrow to come』パネル展示,10thシングル『I_want_tomorrow_to_come』パネル展示,2024/10/22,2024/10/26,HMV エソラ池袋,HMV_エソラ池袋,HMV エソラ池袋[6],HMV_エソラ池袋,jpg,2026/03/13 9:37:24,,,,,,,,,,,,,,,,,,,,,〇,,,,,,,,,,,,,,,,,,,,,,,,,
10thシングル『I want tomorrow to come』パネル展示,10thシングル『I_want_tomorrow_to_come』パネル展示,2024/10/22,2024/10/26,タワーレコード 池袋店,タワーレコード_池袋店,タワーレコード 池袋店[4],タワーレコード_池袋店,jpg,2026/03/13 9:39:29,,,,,,,,,,,,,,,,,,,,,〇,,,,,,,,,,,,,,,,,,,,,,,,,
10thシングル『I want tomorrow to come』パネル展示,10thシングル『I_want_tomorrow_to_come』パネル展示,2024/10/22,2024/10/26,タワーレコード 新宿店,タワーレコード_新宿店,タワーレコード 新宿店[9],タワーレコード_新宿店,jpg,2026/03/13 9:42:04,,,,,,,,,,,,,,,,,,,,,,,〇,,,,,,,,,,,,,,,,,,,,,,,
10thシングル『I want tomorrow to come』パネル展示,10thシングル『I_want_tomorrow_to_come』パネル展示,2024/10/22,2024/10/26,HMV&BOOKS SPOT SHINJUKU,HMV&BOOKS_SPOT_SHINJUKU,HMV&BOOKS SPOT SHINJUKU[4],HMV&BOOKS_SPOT_SHINJUKU,jpg,2026/03/13 9:45:10,,,,,,,,,,〇,,,,,,,,,,,,,,,,,,,,,,,,,,,,,,,,,,,,
10thシングル『I want tomorrow to come』パネル展示,10thシングル『I_want_tomorrow_to_come』パネル展示,2024/10/22,2024/10/26,ヨドバシカメラ 新宿西口本店,ヨドバシカメラ_新宿西口本店,ヨドバシカメラ 新宿西口本店[8],ヨドバシカメラ_新宿西口本店,jpg,2026/03/13 9:46:46,,,,,,,,,,,,,,,,,,,,,〇,,,,,,,,,,,,,,,,,,,,,,,,,
10thシングル『I want tomorrow to come』パネル展示,10thシングル『I_want_tomorrow_to_come』パネル展示,2024/10/22,2025/05/04,ヨドバシカメラ マルチメディア京都,ヨドバシカメラ_マルチメディア京都,ヨドバシカメラ マルチメディア京都[9],ヨドバシカメラ_マルチメディア京都,jpg,2026/03/13 9:50:24,,,,,,〇,,,,,,,〇,,,〇,〇,,,,,,,,,,,,,,,,,,,,,,,,,,,,,
10thシングル『I want tomorrow to come』パネル展示,10thシングル『I_want_tomorrow_to_come』パネル展示,2024/10/22,2025/07/05,タワーレコード グランツリー武蔵小杉店,タワーレコード_グランツリー武蔵小杉店,タワーレコード グランツリー武蔵小杉店[2],タワーレコード_グランツリー武蔵小杉店,jpg,2026/03/13 9:53:12,,,,,,,,,,,,,,,〇,,,,,,,,,,,,,,,,,,,,,,,,,,,,,,,
田村保乃2nd写真集『隣の席になりたい』発売記念パネル展,田村保乃2nd写真集『隣の席になりたい』発売記念パネル展,2024/10/22,2024/10/26,SHIBUYA TSUTAYA,SHIBUYA_TSUTAYA,SHIBUYA TSUTAYA[27],SHIBUYA_TSUTAYA,jpg,2025/03/18 19:05:02,,,,,,,,,,〇,,,,,,,,,,,,,,,,,,,,,,,,,,,,,,,,,,,,
櫻坂46 日向坂46キャンペーン【2024】,櫻坂46_日向坂46キャンペーン【2024】,2024/10/22,2024/10/26,櫻坂46 日向坂46キャンペーン【2024】,櫻坂46_日向坂46キャンペーン【2024】,櫻坂46 日向坂46キャンペーン【2024】[1],櫻坂46_日向坂46キャンペーン【2024】,jpg,2026/03/20 10:28:39,,,,,,,,,,,,,,,,〇,,,,,,,,,,,〇,,,,,,,,,,,,,,,,,,,
田村保乃2nd写真集『隣の席になりたい』発売記念パネル展,田村保乃2nd写真集『隣の席になりたい』発売記念パネル展,2024/10/22,2024/10/26,タワーレコード 渋谷店,タワーレコード_渋谷店,タワーレコード 渋谷店[2],タワーレコード_渋谷店,jpg,2026/03/20 12:34:42,,,,,,,,,,〇,,,,,,,,,,,,,,,,,,,,,,,,,,,,,,,,,,,,
田村保乃2nd写真集『隣の席になりたい』発売記念パネル展,田村保乃2nd写真集『隣の席になりたい』発売記念パネル展,2024/10/22,2024/10/26,HMV&BOOKS SHIBUYA,HMV&BOOKS_SHIBUYA,HMV&BOOKS SHIBUYA[39],HMV&BOOKS_SHIBUYA,jpg,2026/03/20 12:35:41,,,,,,,,,,〇,,,,,,,,,,,,,,,,,,,,,,,,,,,,,,,,,,,,
田村保乃2nd写真集『隣の席になりたい』発売記念パネル展,田村保乃2nd写真集『隣の席になりたい』発売記念パネル展,2024/10/22,2025/05/04,ヨドバシカメラ マルチメディア京都,ヨドバシカメラ_マルチメディア京都,ヨドバシカメラ マルチメディア京都[15],ヨドバシカメラ_マルチメディア京都,jpg,2026/03/20 12:36:52,,,,,,,,,,〇,,,,,,,,,,,,,,,,,,,,,,,,,,,,,,,,,,,,
Venue101 EXTRA 特別展示会,Venue101_EXTRA_特別展示会,2024/10/04,2024/10/05,Venue101 EXTRA 特別展示会,Venue101_EXTRA_特別展示会,Venue101 EXTRA 特別展示会[6],Venue101_EXTRA_特別展示会,jpg,2025/03/21 17:28:42,,,,,,,,,,,,,,,,,,,,,,,,,,,〇,,,,,,,,,,,,,,,,,,,
ARTBAY TOKYOアートフェスティバル2024,ARTBAY_TOKYOアートフェスティバル2024,2024/09/27,2024/10/05,ARTBAY TOKYOアートフェスティバル2024,ARTBAY_TOKYOアートフェスティバル2024,ARTBAY TOKYOアートフェスティバル2024[50],ARTBAY_TOKYOアートフェスティバル2024,jpg,2025/03/21 16:06:42,,,,〇,,,〇,,〇,,,〇,,,,,,,,,,,,,,,,,,,,,,,,,,,,,,,,,,
櫻坂46 「三期生ライブ」,櫻坂46_「三期生ライブ」,2024/09/12,2024/09/12,国立代々木競技場 第一体育館,国立代々木競技場_第一体育館,国立代々木競技場 第一体育館[23],国立代々木競技場_第一体育館,jpg,2026/03/20 10:42:35,,,,,,,,,,,,,,,,,〇,〇,〇,〇,〇,〇,〇,〇,〇,〇,〇,,,,,,,,,,,,,,,,,,,
櫻坂46 「三期生ライブ」,櫻坂46_「三期生ライブ」,2024/09/12,2024/09/12,国立代々木競技場 第一体育館,国立代々木競技場_第一体育館,祝花[5],祝花,mov,2026/03/20 10:43:24,,,,,,,,,,,,,,,,,,,,,,,,,,,,,,,,,,,,,,,,,,,,,,
『YUI KOBAYASHI GRADUATION CONCERT』発売記念パネル展,『YUI_KOBAYASHI_GRADUATION_CONCERT』発売記念パネル展,2024/08/27,2024/08/30,SHIBUYA TSUTAYA,SHIBUYA_TSUTAYA,SHIBUYA TSUTAYA[42],SHIBUYA_TSUTAYA,jpg,2025/03/21 17:09:57,〇,〇,〇,〇,〇,〇,〇,〇,〇,〇,〇,〇,〇,〇,〇,〇,〇,〇,〇,〇,〇,〇,〇,〇,〇,〇,〇,,,,,,,,,,〇,,,,,,,,,
『YUI KOBAYASHI GRADUATION CONCERT』発売記念パネル展,『YUI_KOBAYASHI_GRADUATION_CONCERT』発売記念パネル展,2024/08/27,2024/08/30,タワーレコード 渋谷店,タワーレコード_渋谷店,タワーレコード 渋谷店[4],タワーレコード_渋谷店,jpg,2025/03/21 17:13:58,,,,,,,,,,,,,,,,,,,,,,,〇,,,,,,,,,,,,,,〇,,,,,,,,,
サクラミーツ食堂,サクラミーツ食堂,2024/08/12,2024/08/17,サクラミーツ食堂,サクラミーツ食堂,サクラミーツ食堂[9],サクラミーツ食堂,jpg,2025/03/21 14:53:53,,,,〇,,,〇,,〇,,,〇,,,,,,,,,,,,,,,,,,,,,,,,,,,,,,,,,,
新米記者トロッ子,新米記者トロッ子,2024/08/09,2024/08/17,新米記者トロッ子,新米記者トロッ子,新宿テアトル[27],新宿テアトル,jpg,2025/03/21 14:22:33,,,,,,,,,,,〇,,,,,,,,,,,,,,,,,,,,,,,,,,,,,,,,,,,
9thシングル『自業自得』パネル展示,9thシングル『自業自得』パネル展示,2024/06/25,2024/06/29,HMV&BOOKS SHIBUYA,HMV&BOOKS_SHIBUYA,HMV&BOOKS SHIBUYA[30],HMV&BOOKS_SHIBUYA,jpg,2026/03/18 19:06:40,,,,,,,,,,,,,,〇,,,,,,,,,,,,,,,,,,,,,,,,,,,,,,,,
9thシングル『自業自得』パネル展示,9thシングル『自業自得』パネル展示,2024/06/25,2024/06/29,タワーレコード 渋谷店,タワーレコード_渋谷店,タワーレコード 渋谷店[11],タワーレコード_渋谷店,jpg,2026/03/18 19:20:08,,,,,,,,,,,,,,,〇,,,,,,,,,,,,,,,,,,,,,,,,,,,,,,,
9thシングル『自業自得』パネル展示,9thシングル『自業自得』パネル展示,2024/06/25,2024/06/29,SHIBUYA TSUTAYA,SHIBUYA_TSUTAYA,SHIBUYA TSUTAYA[126],SHIBUYA_TSUTAYA,jpg,2026/03/18 19:42:50,〇,〇,〇,〇,〇,〇,〇,〇,〇,〇,〇,〇,〇,〇,〇,〇,〇,〇,〇,〇,〇,〇,〇,〇,〇,〇,〇,,,,,,,,,,,,,,,,,,,
9thシングル『自業自得』パネル展示,9thシングル『自業自得』パネル展示,2024/06/25,2024/06/29,SHIBUYA TSUTAYA,SHIBUYA_TSUTAYA,自業自得 パネル[17],自業自得_パネル,jpg,2026/03/18 19:54:05,,,,〇,,〇,,,,〇,〇,,〇,〇,〇,〇,,,,,〇,〇,〇,,〇,〇,〇,,,,,,,,,,,,,,,,,,,
9thシングル『自業自得』パネル展示,9thシングル『自業自得』パネル展示,2024/06/25,2024/06/29,SHIBUYA TSUTAYA,SHIBUYA_TSUTAYA,愛し合いなさい パネル[29],愛し合いなさい_パネル,jpg,2026/03/18 20:01:39,〇,〇,〇,,〇,,〇,〇,〇,,,〇,,,,,〇,〇,〇,〇,,,,〇,,,,,,,,,,,,,,,,,,,,,,
9thシングル『自業自得』パネル展示,9thシングル『自業自得』パネル展示,2024/06/25,2024/06/29,SHIBUYA TSUTAYA,SHIBUYA_TSUTAYA,引きこもる時間はない パネル[36],引きこもる時間はない_パネル,jpg,2026/03/18 20:05:30,,,,,,,,,,,,,,,,,〇,〇,〇,〇,〇,〇,〇,〇,〇,〇,〇,,,,,,,,,,,,,,,,,,,
9thシングル『自業自得』パネル展示,9thシングル『自業自得』パネル展示,2024/06/25,2024/06/29,SHIBUYA TSUTAYA,SHIBUYA_TSUTAYA,メンバーパネル[135],メンバーパネル,jpg,2026/03/18 20:11:18,〇,〇,〇,〇,〇,〇,〇,〇,〇,〇,〇,〇,〇,〇,〇,〇,〇,〇,〇,〇,〇,〇,〇,〇,〇,〇,〇,,,,,,,,,,,,,,,,,,,
9thシングル『自業自得』パネル展示,9thシングル『自業自得』パネル展示,2024/06/25,2024/06/29,SHIBUYA TSUTAYA,SHIBUYA_TSUTAYA,メンバーフラッグ[7],メンバーフラッグ,jpg,2026/03/18 20:15:44,,,,,,,,,,,,,,,,,,,,,,,〇,,,〇,,,,,,,,,,,,,,,,,,,,
9thシングル『自業自得』パネル展示,9thシングル『自業自得』パネル展示,2024/06/25,2024/06/29,HMV&BOOKS SPOT SHINJUKU,HMV&BOOKS_SPOT_SHINJUKU,HMV&BOOKS SPOT SHINJUKU[3],HMV&BOOKS_SPOT_SHINJUKU,jpg,2026/03/18 20:19:11,,,,,,,,,,,,,,,,〇,,,,,,,,,,,,,,,,,,,,,,,,,,,,,,
9thシングル『自業自得』パネル展示,9thシングル『自業自得』パネル展示,2024/06/25,2024/06/29,ヨドバシカメラ 新宿西口本店,ヨドバシカメラ_新宿西口本店,ヨドバシカメラ 新宿西口本店[3],ヨドバシカメラ_新宿西口本店,jpg,2026/03/18 20:20:44,,,,,,,,,,,,,,〇,,,,,,,,,,,,,,,,,,,,,,,,,,,,,,,,
9thシングル『自業自得』パネル展示,9thシングル『自業自得』パネル展示,2024/06/25,2024/06/29,タワーレコード 新宿店,タワーレコード_新宿店,タワーレコード 新宿店[11],タワーレコード_新宿店,jpg,2026/03/18 20:22:44,,,,,,,,,,〇,,,,,,,,,,,,,,,,,,,,,,,,,,,,,,,,,,,,
9thシングル『自業自得』パネル展示,9thシングル『自業自得』パネル展示,2024/06/25,2024/06/29,HMV エソラ池袋,HMV_エソラ池袋,HMV エソラ池袋[6],HMV_エソラ池袋,jpg,2026/03/18 20:25:26,,,,,,〇,,,,,,,,,,,,,,,,,,,,,,,,,,,,,,,,,,,,,,,,
9thシングル『自業自得』パネル展示,9thシングル『自業自得』パネル展示,2024/06/25,2024/06/29,タワーレコード 池袋店,タワーレコード_池袋店,タワーレコード 池袋店[5],タワーレコード_池袋店,jpg,2026/03/18 20:27:24,,,,,,,,,,,,,,,,,,,,,,,〇,,,,,,,,,,,,,,,,,,,,,,,
9thシングル『自業自得』パネル展示,9thシングル『自業自得』パネル展示,2024/06/25,2024/06/29,ヨドバシカメラ マルチメディアAkiba,ヨドバシカメラ_マルチメディアAkiba,ヨドバシカメラ マルチメディアAkiba[3],ヨドバシカメラ_マルチメディアAkiba,jpg,2026/03/18 20:30:35,,〇,,,,,,,,〇,,,,,〇,,,,,,,,〇,,,,〇,,,,,,,,,,,,,,,,,,,
9thシングル『自業自得』パネル展示,9thシングル『自業自得』パネル展示,2024/06/25,2024/06/29,ラムタラエピカリアキバ,ラムタラエピカリアキバ,ラムタラエピカリアキバ[3],ラムタラエピカリアキバ,jpg,2026/03/18 20:32:19,,,,,,,,,,,,,,,,,,,,,,,,,,〇,,,,,,,,,,,,,,,,,,,,
9thシングル『自業自得』パネル展示,9thシングル『自業自得』パネル展示,2024/06/25,2024/06/29,ラムタラ秋葉原店,ラムタラ秋葉原店,ラムタラ秋葉原店[1],ラムタラ秋葉原店,jpg,2026/03/18 20:34:45,,,,,,,,,,,,,,,,,,,,,,,,,〇,,,,,,,,,,,,,,,,,,,,,
9thシングル『自業自得』パネル展示,9thシングル『自業自得』パネル展示,2024/06/25,2024/06/29,ラムタラメディアワールドアキバ,ラムタラメディアワールドアキバ,ラムタラメディアワールドアキバ[4],ラムタラメディアワールドアキバ,jpg,2026/03/18 20:36:25,,,,,,,,,,,,,,,,,,,,,,〇,,,,,,,,,,,,,,,,,,,,,,,,
9thシングル『自業自得』パネル展示,9thシングル『自業自得』パネル展示,2024/06/25,2024/06/29,買取販売市場ムーランAKIBA,買取販売市場ムーランAKIBA,買取販売市場ムーランAKIBA[1],買取販売市場ムーランAKIBA,jpg,2026/03/18 20:38:06,,,,,,,,,,,,〇,,,,,,,,,,,,,,,,,,,,,,,,,,,,,,,,,,
9thシングル『自業自得』パネル展示,9thシングル『自業自得』パネル展示,2024/06/25,2024/08/14,新星堂 名古屋店,新星堂_名古屋店,新星堂 名古屋店[1],新星堂_名古屋店,jpg,2026/03/18 20:50:19,,,,,,,,,,,,,,,,,,,,,,,,,,,,,,,,,,,,,,,,,,,,,,
9thシングル『自業自得』パネル展示,9thシングル『自業自得』パネル展示,2024/06/25,2025/05/04,ヨドバシカメラ マルチメディア京都,ヨドバシカメラ_マルチメディア京都,ヨドバシカメラ マルチメディア京都[9],ヨドバシカメラ_マルチメディア京都,jpg,2026/03/18 20:51:16,,,,,,,,,,〇,,,,,〇,,,,,,,,〇,,,,〇,,,,,,,,,,,,,,,,,,,
SWITCH Vol.42 No.7 特集 坂道白書,SWITCH_Vol.42_No.7_特集_坂道白書,2024/06/19,2024/06/29,SHIBUYA TSUTAYA,SHIBUYA_TSUTAYA,SHIBUYA TSUTAYA[9],SHIBUYA_TSUTAYA,jpg,2026/03/20 10:59:56,,,,,,,,,,,,,,〇,,〇,,,,,,,,,,,,,,,,,,,,,,,,,,,,,,
4th ARENA TOUR 2024 新・櫻前線 -Go on back?-,4th_ARENA_TOUR_2024_新・櫻前線_-Go_on_back-,2024/03/02,2024/03/26,ぴあアリーナMM,ぴあアリーナMM,ぴあアリーナMM[11],ぴあアリーナMM,jpg,2026/03/19 21:51:41,〇,〇,〇,〇,〇,〇,〇,〇,〇,〇,〇,〇,〇,〇,〇,〇,〇,〇,〇,〇,〇,〇,〇,〇,〇,〇,〇,,,,,,,,,,,,,,,,,,,
4th ARENA TOUR 2024 新・櫻前線 -Go on back?-,4th_ARENA_TOUR_2024_新・櫻前線_-Go_on_back-,2024/03/02,2024/06/15,東京ドーム,東京ドーム,東京ドーム[82],東京ドーム,jpg,2026/03/19 22:22:56,〇,〇,〇,〇,〇,〇,〇,〇,〇,〇,〇,〇,〇,〇,〇,〇,〇,〇,〇,〇,〇,〇,〇,〇,〇,〇,〇,,,,,,,,,,,,,,,,,,,
4th ARENA TOUR 2024 新・櫻前線 -Go on back?-,4th_ARENA_TOUR_2024_新・櫻前線_-Go_on_back-,2024/03/02,2024/06/16,東京ドーム,東京ドーム,ライブ終演後[4],ライブ終演後,mov,2026/03/19 22:28:12,〇,〇,〇,〇,〇,〇,〇,〇,〇,〇,〇,〇,〇,〇,〇,〇,〇,〇,〇,〇,〇,〇,〇,〇,〇,〇,〇,,,,,,,,,,,,,,,,,,,
ひらパーみみぴく,ひらパーみみぴく,2024/03/01,2024/03/09,ひらパーみみぴく,ひらパーみみぴく,ひらパーみみぴく[4],ひらパーみみぴく,jpg,2026/03/13 19:40:04,,,,,,,,,,〇,,,,,,〇,,,,,,,,,,,,,,,,,,,,,,,,,,,,,,
ひらパーみみぴく,ひらパーみみぴく,2024/03/01,2024/03/09,田村 保乃,田村_保乃,田村 保乃[22],田村_保乃,mp4,2026/03/13 20:11:03,,,,,,,,,,〇,,,,,,,,,,,,,,,,,,,,,,,,,,,,,,,,,,,,
ひらパーみみぴく,ひらパーみみぴく,2024/03/01,2024/03/09,山﨑 天,山﨑_天,山﨑 天[22],山﨑_天,mp4,2026/03/13 20:23:15,,,,,,,,,,,,,,,,〇,,,,,,,,,,,,,,,,,,,,,,,,,,,,,,
きょうばしみみぴく,きょうばしみみぴく,2024/03/01,2024/03/10,きょうばしみみぴく,きょうばしみみぴく,きょうばしみみぴく[7],きょうばしみみぴく,mp4,2026/03/13 20:35:33,,,,,,,,,,〇,,,,,,〇,,,,,,,,,,,,,,,,,,,,,,,,,,,,,,
8thシングル『何歳の頃に戻りたいのか？』パネル展示,8thシングル『何歳の頃に戻りたいのか？』パネル展示,2024/02/20,2024/02/26,ヨドバシカメラ マルチメディアAkiba,ヨドバシカメラ_マルチメディアAkiba,ヨドバシカメラ マルチメディアAkiba[4],ヨドバシカメラ_マルチメディアAkiba,jpg,2026/03/17 15:13:08,,,,,,,,,,,〇,,〇,,,〇,,,,,,〇,,,〇,,,,,,,,,,,,,,,,,,,,,
8thシングル『何歳の頃に戻りたいのか？』パネル展示,8thシングル『何歳の頃に戻りたいのか？』パネル展示,2024/02/20,2024/02/26,ラムタラメディアワールドアキバ,ラムタラメディアワールドアキバ,ラムタラメディアワールドアキバ[4],ラムタラメディアワールドアキバ,jpg,2026/03/17 15:15:30,,,,,,,,,,,,,,,,,〇,,,,,,,,,,,,,,,,,,,,,,,,,,,,,
8thシングル『何歳の頃に戻りたいのか？』パネル展示,8thシングル『何歳の頃に戻りたいのか？』パネル展示,2024/02/20,2024/02/26,ラムタラ秋葉原店,ラムタラ秋葉原店,ラムタラ秋葉原店[1],ラムタラ秋葉原店,jpg,2026/03/17 15:18:30,,,,,,,,,,,,,,,,,,,,,,,,,,〇,,,,,,,,,,,,,,,,,,,,
8thシングル『何歳の頃に戻りたいのか？』パネル展示,8thシングル『何歳の頃に戻りたいのか？』パネル展示,2024/02/20,2024/02/26,ラムタラエピカリアキバ,ラムタラエピカリアキバ,ラムタラエピカリアキバ[1],ラムタラエピカリアキバ,jpg,2026/03/17 15:24:24,,,,,,,,,,,,,,,,,,,〇,,,,,,,,,,,,,,,,,,,,,,,,,,,
8thシングル『何歳の頃に戻りたいのか？』パネル展示,8thシングル『何歳の頃に戻りたいのか？』パネル展示,2024/02/20,2024/02/26,買取販売市場ムーランAKIBA,買取販売市場ムーランAKIBA,買取販売市場ムーランAKIBA[1],買取販売市場ムーランAKIBA,jpg,2026/03/17 15:28:40,,,,,,,〇,,,,,,,,,,,,,,,,,,,,,,,,,,,,,,,,,,,,,,,
8thシングル『何歳の頃に戻りたいのか？』パネル展示,8thシングル『何歳の頃に戻りたいのか？』パネル展示,2024/02/20,2024/02/26,タワーレコード 池袋店,タワーレコード_池袋店,タワーレコード 池袋店[2],タワーレコード_池袋店,jpg,2026/03/17 15:31:04,,,,,,〇,,,,,,,,,,,,,,,,,,,,,,,,,,,,,,,,,,,,,,,,
8thシングル『何歳の頃に戻りたいのか？』パネル展示,8thシングル『何歳の頃に戻りたいのか？』パネル展示,2024/02/20,2024/02/26,HMV エソラ池袋,HMV_エソラ池袋,HMV エソラ池袋[6],HMV_エソラ池袋,jpg,2026/03/17 15:32:47,,,,,,,,,,,,,,,〇,,,,,,,,,,,,,,,,,,,,,,,,,,,,,,,
8thシングル『何歳の頃に戻りたいのか？』パネル展示,8thシングル『何歳の頃に戻りたいのか？』パネル展示,2024/02/20,2024/02/26,HMV&BOOKS SPOT SHINJUKU,HMV&BOOKS_SPOT_SHINJUKU,HMV&BOOKS SPOT SHINJUKU[1],HMV&BOOKS_SPOT_SHINJUKU,jpg,2026/03/17 15:35:13,,,,,,,,,,,,,,,,,,,,,,,,,〇,,,,,,,,,,,,,,,,,,,,,
8thシングル『何歳の頃に戻りたいのか？』パネル展示,8thシングル『何歳の頃に戻りたいのか？』パネル展示,2024/02/20,2024/02/26,タワーレコード 新宿店,タワーレコード_新宿店,タワーレコード 新宿店[18],タワーレコード_新宿店,jpg,2026/03/17 15:36:53,,,,,,,,,,〇,,,,,,,,,,,,,,,,,,,,,,,,,,,,,,,,,,,,
8thシングル『何歳の頃に戻りたいのか？』パネル展示,8thシングル『何歳の頃に戻りたいのか？』パネル展示,2024/02/20,2024/02/26,ヨドバシカメラ 新宿西口本店,ヨドバシカメラ_新宿西口本店,ヨドバシカメラ 新宿西口本店[5],ヨドバシカメラ_新宿西口本店,jpg,2026/03/17 15:40:45,,,,,,,,,,,,,,,,,〇,,,,,,,,,,,,,,,,,,,,,,,,,,,,,
8thシングル『何歳の頃に戻りたいのか？』パネル展示,8thシングル『何歳の頃に戻りたいのか？』パネル展示,2024/02/20,2024/02/26,SHIBUYA TSUTAYA 駅連絡通路,SHIBUYA_TSUTAYA_駅連絡通路,SHIBUYA TSUTAYA 駅連絡通路[11],SHIBUYA_TSUTAYA_駅連絡通路,jpg,2026/03/17 15:45:34,,,,,,,,,,,,,,,,,,,,,,,,,,,,,,,,,,,,,,,,,,,,,,
8thシングル『何歳の頃に戻りたいのか？』パネル展示,8thシングル『何歳の頃に戻りたいのか？』パネル展示,2024/02/20,2024/02/26,タワーレコード 渋谷店,タワーレコード_渋谷店,タワーレコード 渋谷店[4],タワーレコード_渋谷店,jpg,2026/03/17 15:47:19,,,,,,,,,,,,,,,,〇,,,,,,,,,,,,,,,,,,,,,,,,,,,,,,
8thシングル『何歳の頃に戻りたいのか？』パネル展示,8thシングル『何歳の頃に戻りたいのか？』パネル展示,2024/02/20,2024/02/26,HMV&BOOKS SHIBUYA,HMV&BOOKS_SHIBUYA,HMV&BOOKS SHIBUYA[7],HMV&BOOKS_SHIBUYA,jpg,2026/03/17 15:49:10,,,,,,,,,,,,,,,,,,,,,,,,,,,〇,,,,,,,,,,,,,,,,,,,
8thシングル『何歳の頃に戻りたいのか？』パネル展示,8thシングル『何歳の頃に戻りたいのか？』パネル展示,2024/02/20,2024/03/08,タワーレコード 高槻阪急店,タワーレコード_高槻阪急店,タワーレコード 高槻阪急店[2],タワーレコード_高槻阪急店,jpg,2026/03/17 15:51:29,,,,,,,,,,,,,,,,,,,,,,,〇,,,,,,,,,,,,,,,,,,,,,,,
8thシングル『何歳の頃に戻りたいのか？』パネル展示,8thシングル『何歳の頃に戻りたいのか？』パネル展示,2024/02/20,2024/03/08,HMV 三宮オーパ,HMV_三宮オーパ,HMV 三宮オーパ[2],HMV_三宮オーパ,jpg,2026/03/17 15:52:42,,,,,,,,,,,,〇,,,,,,,,,,,,,,,,,,,,,,,,,,,,,,,,,,
8thシングル『何歳の頃に戻りたいのか？』パネル展示,8thシングル『何歳の頃に戻りたいのか？』パネル展示,2024/02/20,2024/03/08,HMV 阪急西宮ガーデンズ,HMV_阪急西宮ガーデンズ,HMV 阪急西宮ガーデンズ[10],HMV_阪急西宮ガーデンズ,jpg,2026/03/17 15:55:07,,,,,,,,,,,,,,〇,,,,,,,,,,,,,,,,,,,,,,,,,,,,,,,,
8thシングル『何歳の頃に戻りたいのか？』パネル展示,8thシングル『何歳の頃に戻りたいのか？』パネル展示,2024/02/20,2024/03/08,紀伊國屋書店 梅田本店,紀伊國屋書店_梅田本店,紀伊國屋書店 梅田本店[3],紀伊國屋書店_梅田本店,jpg,2026/03/17 15:57:00,,,,,,,,,,,,,,,,,,,,,,,,,,〇,,,,,,,,,,,,,,,,,,,,
8thシングル『何歳の頃に戻りたいのか？』パネル展示,8thシングル『何歳の頃に戻りたいのか？』パネル展示,2024/02/20,2024/03/08,ヨドバシカメラ マルチメディア梅田,ヨドバシカメラ_マルチメディア梅田,ヨドバシカメラ マルチメディア梅田[3],ヨドバシカメラ_マルチメディア梅田,jpg,2026/03/17 15:58:55,,,,,,〇,,,,,,,,,,,,,,,,,,,,,,,,,,,,,,,,,,,,,,,,
8thシングル『何歳の頃に戻りたいのか？』パネル展示,8thシングル『何歳の頃に戻りたいのか？』パネル展示,2024/02/20,2024/03/08,HMV グランフロント大阪,HMV_グランフロント大阪,HMV グランフロント大阪[1],HMV_グランフロント大阪,jpg,2026/03/17 16:00:28,,,,,,,,,,,〇,,,,,,,,,,,,,,,,,,,,,,,,,,,,,,,,,,,
8thシングル『何歳の頃に戻りたいのか？』パネル展示,8thシングル『何歳の頃に戻りたいのか？』パネル展示,2024/02/20,2024/03/08,Joshin 日本橋店2Fディスクピア,Joshin_日本橋店2Fディスクピア,Joshin 日本橋店2Fディスクピア[1],Joshin_日本橋店2Fディスクピア,jpg,2026/03/17 16:02:07,,,,,,,,,,,,,,,,,〇,,,,,,,,,,,,,,,,,,,,,,,,,,,,,
8thシングル『何歳の頃に戻りたいのか？』パネル展示,8thシングル『何歳の頃に戻りたいのか？』パネル展示,2024/02/20,2024/03/08,タワーレコード あべのHoop店,タワーレコード_あべのHoop店,タワーレコード あべのHoop店[2],タワーレコード_あべのHoop店,jpg,2026/03/17 16:03:25,,,,〇,,,,,,,,,,,,,,,,,,,,,,,,,,,,,,,,,,,,,,,,,,
8thシングル『何歳の頃に戻りたいのか？』パネル展示,8thシングル『何歳の頃に戻りたいのか？』パネル展示,2024/02/20,2024/03/08,TSUTAYA あべの橋店,TSUTAYA_あべの橋店,TSUTAYA あべの橋店[2],TSUTAYA_あべの橋店,jpg,2026/03/17 16:04:53,,,,,,,〇,,,,,,,,,,,,,,,,,,,,,,,,,,,,,,,,,,,,,,,
8thシングル『何歳の頃に戻りたいのか？』パネル展示,8thシングル『何歳の頃に戻りたいのか？』パネル展示,2024/02/20,2024/03/10,ヨドバシカメラ マルチメディア京都,ヨドバシカメラ_マルチメディア京都,ヨドバシカメラ マルチメディア京都[49],ヨドバシカメラ_マルチメディア京都,jpg,2026/03/17 16:08:22,,,,,,,,,,,,,〇,,,〇,,,,,,〇,,,〇,,,,,,,,,,,,,,,,,,,,,
櫻坂46「小林由依 卒業コンサート」,櫻坂46「小林由依_卒業コンサート」,2024/01/31,2024/02/01,櫻坂46「小林由依 卒業コンサート」,櫻坂46「小林由依_卒業コンサート」,櫻坂46「小林由依 卒業コンサート」[4],櫻坂46「小林由依_卒業コンサート」,jpg,2026/03/20 11:37:48,〇,〇,〇,〇,〇,〇,〇,〇,〇,〇,〇,〇,〇,〇,〇,〇,〇,〇,〇,〇,〇,〇,〇,〇,〇,〇,〇,,,,,,,,,,〇,,,,,,,,,
3rd YEAR ANNIVERSARY LIVE,3rd_YEAR_ANNIVERSARY_LIVE,2023/11/25,2023/11/25,3rd YEAR ANNIVERSARY LIVE,3rd_YEAR_ANNIVERSARY_LIVE,3rd YEAR ANNIVERSARY LIVE[56],3rd_YEAR_ANNIVERSARY_LIVE,jpg,2026/03/17 22:49:32,〇,〇,〇,〇,〇,〇,〇,〇,〇,〇,〇,〇,〇,〇,〇,〇,〇,〇,〇,〇,〇,〇,〇,〇,〇,〇,〇,,,,,,,,,,〇,〇,,,,,,,,
新参者 in TOKYU KABUKICHO TOWER,新参者_in_TOKYU_KABUKICHO_TOWER,2023/10/27,2023/10/29,新参者 in TOKYU KABUKICHO TOWER,新参者_in_TOKYU_KABUKICHO_TOWER,新参者 in TOKYU KABUKICHO TOWER[14],新参者_in_TOKYU_KABUKICHO_TOWER,jpg,2025/03/20 15:43:36,,,,,,,,,,,,,,,,,〇,〇,〇,〇,〇,〇,〇,〇,〇,〇,〇,,,,,,,,,,,,,,,,,,,
7thシングル『承認欲求』パネル展示,7thシングル『承認欲求』パネル展示,2023/10/17,2023/10/29,SHIBUYA TSUTAYA,SHIBUYA_TSUTAYA,SHIBUYA TSUTAYA[27],SHIBUYA_TSUTAYA,jpg,2026/03/17 13:47:35,〇,〇,〇,〇,〇,〇,〇,〇,〇,〇,〇,〇,〇,〇,〇,〇,〇,〇,〇,〇,〇,〇,〇,〇,〇,〇,〇,,,,,,,,,,〇,〇,,,,,,,,
7thシングル『承認欲求』パネル展示,7thシングル『承認欲求』パネル展示,2023/10/17,2024/02/01,タワーレコード 渋谷店,タワーレコード_渋谷店,タワーレコード 渋谷店[2],タワーレコード_渋谷店,jpg,2026/03/17 13:53:18,,,,,,,,,,,,,,,,,,,,,,,,,,,,,,,,,,,,,,,,,,,,,,
7thシングル『承認欲求』パネル展示,7thシングル『承認欲求』パネル展示,2023/10/17,2024/02/26,ラムタラメディアワールドアキバ,ラムタラメディアワールドアキバ,ラムタラメディアワールドアキバ[2],ラムタラメディアワールドアキバ,jpg,2026/03/17 13:54:58,,,,,,,,,,,,,,,,,,,,,,,〇,,,,,,,,,,,,,,,,,,,,,,,
7thシングル『承認欲求』パネル展示,7thシングル『承認欲求』パネル展示,2023/10/17,2024/02/26,タワーレコード 池袋店,タワーレコード_池袋店,タワーレコード 池袋店[1],タワーレコード_池袋店,jpg,2026/03/17 13:56:31,,,,,,,,,,,,,,,,,,,,,〇,,,,,,,,,,,,,,,,,,,,,,,,,
7thシングル『承認欲求』パネル展示,7thシングル『承認欲求』パネル展示,2023/10/17,2024/03/08,HMV 阪急西宮ガーデンズ,HMV_阪急西宮ガーデンズ,HMV 阪急西宮ガーデンズ[1],HMV_阪急西宮ガーデンズ,jpg,2026/03/17 13:59:30,,,,,,,,,,,,,,,,,,,,,,,,,,,,,,,,,,,,,〇,,,,,,,,,
7thシングル『承認欲求』パネル展示,7thシングル『承認欲求』パネル展示,2023/10/17,2024/03/08,HMV グランフロント大阪,HMV_グランフロント大阪,HMV グランフロント大阪[1],HMV_グランフロント大阪,jpg,2026/03/17 14:00:56,,,,,,〇,,,,,,,,,,,,,,,,,,,,,,,,,,,,,,,,,,,,,,,,
7thシングル『承認欲求』パネル展示,7thシングル『承認欲求』パネル展示,2023/10/17,2024/03/08,タワーレコード あべのHoop店,タワーレコード_あべのHoop店,タワーレコード あべのHoop店[1],タワーレコード_あべのHoop店,jpg,2026/03/17 14:50:29,,,,,,,,,,,〇,,,,,,,,,,,,,,,,,,,,,,,,,,,,,,,,,,,
7thシングル『承認欲求』パネル展示,7thシングル『承認欲求』パネル展示,2023/10/17,2025/05/04,ヨドバシカメラ マルチメディア京都,ヨドバシカメラ_マルチメディア京都,ヨドバシカメラ マルチメディア京都[11],ヨドバシカメラ_マルチメディア京都,jpg,2026/03/17 14:52:17,,,,,,〇,,,,,,,,〇,,〇,,,,,〇,,,,,,〇,,,,,,,,,,〇,,,,,,,,,
ローソン×櫻坂46 日向坂46キャンペーン【2023】,ローソン×櫻坂46_日向坂46キャンペーン,2023/08/15,2023/08/18,ローソン×櫻坂46 日向坂46キャンペーン【2023】,ローソン×櫻坂46_日向坂46キャンペーン【2023】,ローソン×櫻坂46 日向坂46キャンペーン【2023】[3],ローソン×櫻坂46_日向坂46キャンペーン【2023】,jpg,2026/03/20 10:22:14,〇,〇,〇,,,,,,,,〇,,〇,〇,,,,,,,,,,,,,,,,,,,,,,,〇,〇,,,,,,,,
櫻坂46展「新せ界」,櫻坂46展「新せ界」,2023/07/28,2023/09/15,櫻坂46展「新せ界」,櫻坂46展「新せ界」,展示[83],展示,jpg,2025/03/18 23:26:59,,〇,〇,〇,,〇,〇,〇,〇,〇,〇,〇,〇,〇,〇,〇,〇,〇,〇,〇,〇,〇,〇,〇,〇,〇,〇,,,,,,,,,,〇,〇,,,,,,,,
櫻坂46展「新せ界」,櫻坂46展「新せ界」,2023/07/28,2023/10/29,櫻坂46展「新せ界」,櫻坂46展「新せ界」,別日[68],別日,jpg,2025/03/18 23:30:12,〇,〇,〇,〇,〇,〇,〇,〇,〇,〇,〇,〇,〇,〇,〇,〇,〇,〇,〇,〇,〇,〇,〇,〇,〇,〇,〇,,,,,,,,,,〇,〇,,,,,,,,
6thシングル『Start over!』パネル展示,6thシングル『Start_over!』パネル展示,2023/06/27,2023/10/29,SHIBUYA TSUTAYA,SHIBUYA_TSUTAYA,SHIBUYA TSUTAYA[38],SHIBUYA_TSUTAYA,jpg,2026/03/16 21:44:47,〇,〇,〇,〇,〇,〇,〇,〇,〇,〇,〇,〇,〇,〇,〇,〇,〇,〇,〇,〇,〇,〇,〇,〇,〇,〇,〇,,,,,,,,,,〇,〇,,,,,,,,
6thシングル『Start over!』パネル展示,6thシングル『Start_over!』パネル展示,2023/06/27,2024/02/26,ラムタラメディアワールドアキバ,ラムタラメディアワールドアキバ,ラムタラメディアワールドアキバ[2],ラムタラメディアワールドアキバ,jpg,2026/03/17 13:27:48,,,,,,,,,,,,,,,,,,,,,,,〇,,,,,,,,,,,,,,,,,,,,,,,
6thシングル『Start over!』パネル展示,6thシングル『Start_over!』パネル展示,2023/06/27,2024/02/26,タワーレコード 池袋店,タワーレコード_池袋店,タワーレコード 池袋店[1],タワーレコード_池袋店,jpg,2026/03/17 13:30:17,,,,,,,,,,〇,,,,,,,,,,,,,,,,,,,,,,,,,,,,,,,,,,,,
6thシングル『Start over!』パネル展示,6thシングル『Start_over!』パネル展示,2023/06/27,2024/02/26,タワーレコード 渋谷店,タワーレコード_渋谷店,タワーレコード 渋谷店[1],タワーレコード_渋谷店,jpg,2026/03/17 13:31:42,,,,,,,,,,,,,,,,,,,,,,,,,,,,,,,,,,,,,,,,,,,,,,
6thシングル『Start over!』パネル展示,6thシングル『Start_over!』パネル展示,2023/06/27,2024/02/26,HMV&BOOKS SHIBUYA,HMV&BOOKS_SHIBUYA,HMV&BOOKS SHIBUYA[1],HMV&BOOKS_SHIBUYA,jpg,2026/03/17 13:32:47,,,,,,,,,,,〇,,,,,,,,,,,,,,,,,,,,,,,,,,,,,,,,,,,
6thシングル『Start over!』パネル展示,6thシングル『Start_over!』パネル展示,2023/06/27,2025/05/04,ヨドバシカメラ マルチメディア京都,ヨドバシカメラ_マルチメディア京都,ヨドバシカメラ マルチメディア京都[9],ヨドバシカメラ_マルチメディア京都,jpg,2026/03/17 13:37:12,,,,,,,,,,〇,〇,,,〇,〇,,,,〇,,,,,,,,,,,,,,,,,,,,,,,,,,,
大園玲1st写真集「半分光、半分影」パネル展,大園玲1st写真集「半分光、半分影」パネル展,2023/04/18,2024/02/26,HMV&BOOKS SHIBUYA,HMV&BOOKS_SHIBUYA,HMV&BOOKS SHIBUYA[1],HMV&BOOKS_SHIBUYA,jpg,2026/03/20 11:33:09,,,,,,〇,,,,,,,,,,,,,,,,,,,,,,,,,,,,,,,,,,,,,,,,
大園玲1st写真集「半分光、半分影」パネル展,大園玲1st写真集「半分光、半分影」パネル展,2023/04/18,2025/05/04,ヨドバシカメラ マルチメディア京都,ヨドバシカメラ_マルチメディア京都,ヨドバシカメラ マルチメディア京都[3],ヨドバシカメラ_マルチメディア京都,jpg,2026/03/20 11:34:34,,,,,,〇,,,,,,,,,,,,,,,,,,,,,,,,,,,,,,,,,,,,,,,,
5thシングル『桜月』パネル展示,5thシングル『桜月』パネル展示,2023/02/14,2024/02/26,ラムタラメディアワールドアキバ,ラムタラメディアワールドアキバ,ラムタラメディアワールドアキバ[1],ラムタラメディアワールドアキバ,jpg,2026/03/16 18:44:04,,,〇,,,,,,,,,,,,,,,,,,,,,,,,,,,,,,,,,,,,,,,,,,,
5thシングル『桜月』パネル展示,5thシングル『桜月』パネル展示,2023/02/14,2024/02/26,タワーレコード 池袋店,タワーレコード_池袋店,タワーレコード 池袋店[1],タワーレコード_池袋店,jpg,2026/03/16 18:45:44,,,,,,,,,,,,,,,,〇,,,,,,,,,,,,,,,,,,,,,,,,,,,,,,
5thシングル『桜月』パネル展示,5thシングル『桜月』パネル展示,2023/02/14,2024/03/10,ヨドバシカメラ マルチメディア京都,ヨドバシカメラ_マルチメディア京都,ヨドバシカメラ マルチメディア京都[7],ヨドバシカメラ_マルチメディア京都,jpg,2026/03/16 21:26:09,〇,,,,,〇,,,〇,,,,,,〇,,,,,,,,,,,,,,,,,,,,,,〇,,,,,,,,,
菅井友香卒業写真集『大切なもの』発売記念パネル展,菅井友香卒業写真集『大切なもの』発売記念パネル展,2022/11/08,2023/10/29,SHIBUYA TSUTAYA,SHIBUYA_TSUTAYA,SHIBUYA TSUTAYA[7],SHIBUYA_TSUTAYA,jpg,2026/03/20 12:20:20,,,,,,,,,,,,〇,,,,,,,,,,,,,,,,,,,,,,,,,,,,〇,,,,,,
守屋麗奈1st写真集「笑顔のグー、チョキ、パー」,守屋麗奈1st写真集「笑顔のグー、チョキ、パー」,2022/08/23,2024/02/01,タワーレコード 渋谷店,タワーレコード_渋谷店,タワーレコード 渋谷店[1],タワーレコード_渋谷店,jpg,2026/03/20 11:14:20,,,,,,,,,,,,,,,〇,,,,,,,,,,,,,,,,,,,,,,,,,,,,,,,
1st Album『As you know?』パネル展示,1st_Album『As_you_know』パネル展示,2022/08/02,2024/02/01,タワーレコード 渋谷店,タワーレコード_渋谷店,タワーレコード 渋谷店[1],タワーレコード_渋谷店,jpg,2026/03/17 14:57:14,,,,,,,,,,〇,,,,,,,,,,,,,,,,,,,,,,,,,,,,,,,,,,,,
1st Album『As you know?』パネル展示,1st_Album『As_you_know』パネル展示,2022/08/02,2025/05/04,ヨドバシカメラ マルチメディア京都,ヨドバシカメラ_マルチメディア京都,ヨドバシカメラ マルチメディア京都[6],ヨドバシカメラ_マルチメディア京都,jpg,2026/03/17 14:58:59,,,,,,,,,,〇,〇,,,〇,,〇,,,,,,,,,,,,,,,,,,,,,,,,,〇,,,,,
4thシングル『五月雨よ』パネル展示,4thシングル『五月雨よ』パネル展示,2022/04/05,2024/02/26,ラムタラメディアワールドアキバ,ラムタラメディアワールドアキバ,ラムタラメディアワールドアキバ[1],ラムタラメディアワールドアキバ,jpg,2026/03/16 18:34:34,,,,,,,,,,,,,,〇,,,,,,,,,,,,,,,,,,,,,,,,,,,,,,,,
4thシングル『五月雨よ』パネル展示,4thシングル『五月雨よ』パネル展示,2022/04/05,2024/03/10,ヨドバシカメラ マルチメディア京都,ヨドバシカメラ_マルチメディア京都,ヨドバシカメラ マルチメディア京都[7],ヨドバシカメラ_マルチメディア京都,jpg,2026/03/16 18:37:57,,,,,,,,,,,,,,〇,〇,〇,,,,,,,,,,,,,,,,,,,,,,,,,,,〇,,,
3rdシングル『流れ弾』パネル展示,3rdシングル『流れ弾』パネル展示,2021/10/12,2024/02/01,タワーレコード 渋谷店,タワーレコード_渋谷店,タワーレコード 渋谷店[3],タワーレコード_渋谷店,jpg,2026/03/16 18:22:53,,,,,,,,,,〇,,,,,,,,,,,,,,,,,,,,,,,,,,,,〇,,,,,,,〇,
3rdシングル『流れ弾』パネル展示,3rdシングル『流れ弾』パネル展示,2021/10/12,2024/03/10,ヨドバシカメラ マルチメディア京都,ヨドバシカメラ_マルチメディア京都,ヨドバシカメラ マルチメディア京都[5],ヨドバシカメラ_マルチメディア京都,jpg,2026/03/16 18:25:29,,,,,,,,,,〇,,,,,,,,,,,,,,,,,,,,,,,,,,,,〇,,,,,,〇,〇,
田村保乃1st写真集「一歩目」パネル展,田村保乃1st写真集「一歩目」パネル展,2021/08/17,2024/02/01,タワーレコード 渋谷店,タワーレコード_渋谷店,タワーレコード 渋谷店[1],タワーレコード_渋谷店,jpg,2026/03/20 11:25:07,,,,,,,,,,〇,,,,,,,,,,,,,,,,,,,,,,,,,,,,,,,,,,,,
2ndシングル『BAN』パネル展示,2ndシングル『BAN』パネル展示,2021/04/13,2024/02/01,タワーレコード 渋谷店,タワーレコード_渋谷店,タワーレコード 渋谷店[4],タワーレコード_渋谷店,jpg,2026/03/16 18:09:09,〇,,,,,,,,,〇,,,〇,,,,,,,,,,,,,,,,,,,,,,,,,,,〇,,,,,,
2ndシングル『BAN』パネル展示,2ndシングル『BAN』パネル展示,2021/04/13,2024/02/26,ラムタラメディアワールドアキバ,ラムタラメディアワールドアキバ,ラムタラメディアワールドアキバ[2],ラムタラメディアワールドアキバ,jpg,2026/03/16 18:12:10,,,,〇,,,,,,,,,,,,,,,,,,,,,,,,,,,,,,,,,,,,,,,,,,
2ndシングル『BAN』パネル展示,2ndシングル『BAN』パネル展示,2021/04/13,2025/05/04,ヨドバシカメラ マルチメディア京都,ヨドバシカメラ_マルチメディア京都,ヨドバシカメラ マルチメディア京都[6],ヨドバシカメラ_マルチメディア京都,jpg,2026/03/16 18:14:35,〇,,,,,,,,,〇,〇,,〇,,,,,,,,,,,,,,,,,,,,,,,,,,,〇,,,,,,
1stシングル『Nobody's fault』パネル展示,1stシングル『Nobody's_fault』パネル展示,2020/12/08,2024/02/01,タワーレコード 渋谷店,タワーレコード_渋谷店,タワーレコード 渋谷店[13],タワーレコード_渋谷店,jpg,2026/03/16 17:54:49,〇,〇,〇,〇,〇,〇,〇,〇,〇,〇,〇,〇,〇,〇,〇,〇,,,,,,,,,,,,,,,,,,,,,〇,〇,〇,〇,〇,〇,〇,〇,〇,〇
1stシングル『Nobody's fault』パネル展示,1stシングル『Nobody's_fault』パネル展示,2020/12/08,2024/02/26,ラムタラメディアワールドアキバ,ラムタラメディアワールドアキバ,ラムタラメディアワールドアキバ[1],ラムタラメディアワールドアキバ,jpg,2026/03/16 17:58:55,,,,,,,,,,,〇,,,,,,,,,,,,,,,,,,,,,,,,,,,,,,,,,,,
1stシングル『Nobody's fault』パネル展示,1stシングル『Nobody's_fault』パネル展示,2020/12/08,2024/02/26,タワーレコード 池袋店,タワーレコード_池袋店,タワーレコード 池袋店[1],タワーレコード_池袋店,jpg,2026/03/16 18:00:30,,,,,,,,,,,,,,,,〇,,,,,,,,,,,,,,,,,,,,,,,,,,,,,,
1stシングル『Nobody's fault』パネル展示,1stシングル『Nobody's_fault』パネル展示,2020/12/08,2025/05/04,ヨドバシカメラ マルチメディア京都,ヨドバシカメラ_マルチメディア京都,ヨドバシカメラ マルチメディア京都[2],ヨドバシカメラ_マルチメディア京都,jpg,2026/03/16 18:02:37,〇,,,,,,,,,,〇,,,〇,,〇,,,,,,,,,,,,,,,,,,,,,〇,,,,,,〇,,,
